-- phpMyAdmin SQL Dump
-- version 4.5.2
-- http://www.phpmyadmin.net
--
-- Host: 127.0.0.1
-- Generation Time: Apr 17, 2016 at 01:30 PM
-- Server version: 5.7.9
-- PHP Version: 5.6.16

SET SQL_MODE = "NO_AUTO_VALUE_ON_ZERO";
SET time_zone = "+00:00";


/*!40101 SET @OLD_CHARACTER_SET_CLIENT=@@CHARACTER_SET_CLIENT */;
/*!40101 SET @OLD_CHARACTER_SET_RESULTS=@@CHARACTER_SET_RESULTS */;
/*!40101 SET @OLD_COLLATION_CONNECTION=@@COLLATION_CONNECTION */;
/*!40101 SET NAMES utf8mb4 */;

--
-- Database: `dating`
--

-- --------------------------------------------------------

--
-- Table structure for table `account`
--

DROP TABLE IF EXISTS `account`;
CREATE TABLE IF NOT EXISTS `account` (
  `Acc_id` int(16) NOT NULL AUTO_INCREMENT,
  `Created_on` datetime DEFAULT NULL,
  `User_id` int(16) NOT NULL,
  `Credit_card` bigint(20) DEFAULT NULL,
  PRIMARY KEY (`Acc_id`),
  KEY `User_id` (`User_id`)
) ENGINE=InnoDB AUTO_INCREMENT=32 DEFAULT CHARSET=latin1;

--
-- Dumping data for table `account`
--

INSERT INTO `account` (`Acc_id`, `Created_on`, `User_id`, `Credit_card`) VALUES
(1, '2016-04-01 00:00:00', 71, 1234123412341234),
(2, NULL, 1628, 1234567890123456),
(3, NULL, 1629, 1234567890112233),
(4, NULL, 1630, 1234567890123455),
(5, NULL, 1631, 3456789012123456),
(6, NULL, 1632, 1234567890123456),
(7, NULL, 1633, 1234567890123456),
(8, NULL, 1634, 1234567890123456),
(9, NULL, 1634, 1234567890123456),
(10, NULL, 1634, 1234567890123456),
(11, NULL, 1635, 1234567890123456),
(12, NULL, 1635, 1234567890123456),
(13, NULL, 1635, 1234567890123456),
(14, NULL, 1635, 1234567890123456),
(15, NULL, 1635, 1234567890123456),
(16, NULL, 1635, 1234567890123456),
(17, NULL, 1635, 1234567890123456),
(18, NULL, 1635, 1234567890123456),
(19, NULL, 1635, 1234567890123456),
(20, NULL, 1635, 1234567890123456),
(21, NULL, 1635, 1234567890123456),
(22, NULL, 1635, 1234567890123456),
(23, NULL, 1636, 1234567890111111),
(24, NULL, 1636, 1234567890111111),
(25, NULL, 1636, 1234567890111111),
(26, NULL, 1637, 1234567890222333),
(27, NULL, 1638, 1234567890555555),
(28, NULL, 1644, 1234567890123456),
(29, NULL, 1645, 1234567890123456),
(30, NULL, 1646, 3123456789012345),
(31, NULL, 1647, 1234561234561111);

-- --------------------------------------------------------

--
-- Table structure for table `address`
--

DROP TABLE IF EXISTS `address`;
CREATE TABLE IF NOT EXISTS `address` (
  `Profile_id` int(16) NOT NULL,
  `Street` varchar(30) DEFAULT NULL,
  `City` varchar(30) DEFAULT NULL,
  `County` varchar(16) DEFAULT NULL,
  `Country` varchar(16) DEFAULT NULL,
  KEY `User_id` (`Profile_id`)
) ENGINE=InnoDB DEFAULT CHARSET=latin1;

-- --------------------------------------------------------

--
-- Table structure for table `banbin`
--

DROP TABLE IF EXISTS `banbin`;
CREATE TABLE IF NOT EXISTS `banbin` (
  `ban_id` int(16) NOT NULL AUTO_INCREMENT,
  `user` int(16) NOT NULL,
  `ban_length` time DEFAULT NULL,
  PRIMARY KEY (`ban_id`),
  KEY `user` (`user`)
) ENGINE=InnoDB DEFAULT CHARSET=latin1;

-- --------------------------------------------------------

--
-- Table structure for table `dates`
--

DROP TABLE IF EXISTS `dates`;
CREATE TABLE IF NOT EXISTS `dates` (
  `Date_id` int(16) NOT NULL,
  `Match_id` int(16) NOT NULL,
  `Calendar` date DEFAULT NULL,
  `Location` varchar(30) DEFAULT NULL,
  `Rating` int(2) DEFAULT NULL,
  PRIMARY KEY (`Date_id`),
  KEY `Match_id` (`Match_id`)
) ENGINE=InnoDB DEFAULT CHARSET=latin1;

-- --------------------------------------------------------

--
-- Table structure for table `friends`
--

DROP TABLE IF EXISTS `friends`;
CREATE TABLE IF NOT EXISTS `friends` (
  `Friends_id` int(16) NOT NULL,
  `User1_id` int(16) DEFAULT NULL,
  `User2_id` int(16) DEFAULT NULL,
  PRIMARY KEY (`Friends_id`),
  KEY `User1_id` (`User1_id`),
  KEY `User2_id` (`User2_id`)
) ENGINE=InnoDB DEFAULT CHARSET=latin1;

-- --------------------------------------------------------

--
-- Table structure for table `loggedin`
--

DROP TABLE IF EXISTS `loggedin`;
CREATE TABLE IF NOT EXISTS `loggedin` (
  `login_id` int(16) NOT NULL AUTO_INCREMENT,
  `User_id` int(16) NOT NULL,
  `login_time` datetime NOT NULL DEFAULT CURRENT_TIMESTAMP,
  `address` int(16) DEFAULT NULL,
  PRIMARY KEY (`login_id`),
  KEY `User_id` (`User_id`)
) ENGINE=InnoDB AUTO_INCREMENT=8 DEFAULT CHARSET=latin1;

--
-- Dumping data for table `loggedin`
--

INSERT INTO `loggedin` (`login_id`, `User_id`, `login_time`, `address`) VALUES
(3, 1643, '2016-04-17 12:42:38', NULL),
(4, 1644, '2016-04-17 12:51:06', 3),
(5, 1645, '2016-04-17 14:06:24', NULL),
(6, 1646, '2016-04-17 14:21:59', NULL),
(7, 1647, '2016-04-17 14:27:56', NULL);

-- --------------------------------------------------------

--
-- Table structure for table `matches`
--

DROP TABLE IF EXISTS `matches`;
CREATE TABLE IF NOT EXISTS `matches` (
  `Match_id` int(16) NOT NULL AUTO_INCREMENT,
  `User1_id` int(16) NOT NULL,
  `User2_id` int(16) NOT NULL,
  `Created_by` varchar(16) CHARACTER SET latin1 COLLATE latin1_bin DEFAULT NULL,
  PRIMARY KEY (`Match_id`),
  KEY `User1_id` (`User1_id`),
  KEY `User2_id` (`User2_id`)
) ENGINE=InnoDB AUTO_INCREMENT=44 DEFAULT CHARSET=latin1;

--
-- Dumping data for table `matches`
--

INSERT INTO `matches` (`Match_id`, `User1_id`, `User2_id`, `Created_by`) VALUES
(1, 34, 55, NULL),
(2, 1630, 1630, NULL),
(3, 1630, 1630, NULL),
(4, 1630, 1630, NULL),
(5, 1630, 1630, NULL),
(6, 1630, 1630, NULL),
(7, 1630, 1630, NULL),
(8, 1630, 1630, NULL),
(9, 1630, 1630, NULL),
(10, 1630, 1157, NULL),
(11, 1630, 1630, NULL),
(12, 1630, 1630, NULL),
(13, 1630, 1630, NULL),
(14, 1630, 1630, NULL),
(15, 1630, 1630, NULL),
(16, 1630, 13, NULL),
(17, 1630, 1627, NULL),
(18, 1630, 63, '1630'),
(19, 1630, 13, '1630'),
(20, 1633, 1628, '1633'),
(21, 1633, 48, '1633'),
(22, 1633, 1403, '1633'),
(23, 1634, 1401, '1634'),
(24, 13, 1391, '13'),
(25, 1637, 1631, '1637'),
(26, 1637, 1631, '1637'),
(27, 1637, 73, '1637'),
(28, 13, 69, '13'),
(29, 13, 1621, '13'),
(30, 13, 1193, '13'),
(31, 13, 1422, '13'),
(32, 13, 1422, '13'),
(33, 13, 1422, '13'),
(34, 13, 71, '13'),
(35, 13, 74, '13'),
(36, 1645, 13, '1645'),
(37, 13, 13, '13'),
(38, 13, 13, '13'),
(39, 13, 1645, '13'),
(40, 13, 71, '13'),
(41, 1646, 1623, '1646'),
(42, 1646, 1623, '1646'),
(43, 1646, 66, '1646');

-- --------------------------------------------------------

--
-- Table structure for table `messages`
--

DROP TABLE IF EXISTS `messages`;
CREATE TABLE IF NOT EXISTS `messages` (
  `message_id` int(11) NOT NULL AUTO_INCREMENT,
  `user1` int(16) NOT NULL,
  `user2` int(16) NOT NULL,
  `time` timestamp NULL DEFAULT CURRENT_TIMESTAMP,
  `mess` text NOT NULL,
  PRIMARY KEY (`message_id`),
  KEY `user1` (`user1`),
  KEY `user1_2` (`user1`),
  KEY `user2_id` (`user2`)
) ENGINE=InnoDB AUTO_INCREMENT=12 DEFAULT CHARSET=latin1;

--
-- Dumping data for table `messages`
--

INSERT INTO `messages` (`message_id`, `user1`, `user2`, `time`, `mess`) VALUES
(1, 13, 1422, '2016-04-17 12:40:17', 'You got a like!'),
(2, 13, 71, '2016-04-17 12:46:11', 'You got a like!'),
(3, 13, 74, '2016-04-17 12:54:10', 'You got a like!'),
(4, 1645, 13, '2016-04-17 13:07:12', 'You got a like!'),
(7, 13, 1645, '2016-04-17 13:14:30', 'You got a like!'),
(8, 13, 71, '2016-04-17 13:18:21', 'You got a like!'),
(9, 1646, 1623, '2016-04-17 13:22:45', 'You got a like!'),
(10, 1646, 1623, '2016-04-17 13:23:02', 'You got a like!'),
(11, 1646, 66, '2016-04-17 13:23:15', 'You got a like!');

-- --------------------------------------------------------

--
-- Table structure for table `pictures`
--

DROP TABLE IF EXISTS `pictures`;
CREATE TABLE IF NOT EXISTS `pictures` (
  `Picture_id` int(16) NOT NULL AUTO_INCREMENT,
  `User_id` int(16) NOT NULL,
  `picture` mediumblob,
  `Date` datetime NOT NULL,
  `Profile_pic` varchar(16) NOT NULL DEFAULT 'no',
  `Caption` tinytext,
  PRIMARY KEY (`Picture_id`),
  KEY `User_id_2` (`User_id`)
) ENGINE=InnoDB DEFAULT CHARSET=latin1;

-- --------------------------------------------------------

--
-- Table structure for table `profile`
--

DROP TABLE IF EXISTS `profile`;
CREATE TABLE IF NOT EXISTS `profile` (
  `User_id` int(16) NOT NULL,
  `Age_range_low` int(3) DEFAULT NULL,
  `Age_range_high` int(3) DEFAULT NULL,
  `Hobbies` text,
  `Body_type` varchar(16) DEFAULT NULL,
  `Height` varchar(16) DEFAULT NULL,
  `Hair` varchar(16) DEFAULT NULL,
  `Ethnicity` varchar(16) DEFAULT NULL,
  `Marital_status` varchar(16) DEFAULT NULL,
  `Kids` varchar(16) DEFAULT NULL,
  `Smokes` varchar(16) DEFAULT NULL,
  `Drinks` varchar(16) DEFAULT NULL,
  `Description` text,
  UNIQUE KEY `User_id_2` (`User_id`),
  KEY `User_id` (`User_id`)
) ENGINE=InnoDB DEFAULT CHARSET=latin1;

--
-- Dumping data for table `profile`
--

INSERT INTO `profile` (`User_id`, `Age_range_low`, `Age_range_high`, `Hobbies`, `Body_type`, `Height`, `Hair`, `Ethnicity`, `Marital_status`, `Kids`, `Smokes`, `Drinks`, `Description`) VALUES
(13, 3, NULL, NULL, 'Athletic', 'Average', 'Bald', NULL, 'Separated', 'Yes', 'no', 'yes', NULL),
(14, NULL, NULL, NULL, NULL, NULL, NULL, NULL, NULL, NULL, NULL, NULL, NULL),
(18, NULL, NULL, NULL, NULL, 'tall', NULL, NULL, NULL, NULL, NULL, NULL, NULL),
(46, NULL, NULL, NULL, 'Slim', 'Short', 'Auburn', NULL, 'Never married', 'Yes', NULL, NULL, NULL),
(48, NULL, NULL, NULL, 'Slim', 'Short', 'Auburn', NULL, 'Never married', 'Yes', NULL, NULL, NULL),
(56, NULL, NULL, NULL, 'Slim', NULL, NULL, NULL, NULL, NULL, NULL, NULL, NULL),
(65, NULL, NULL, NULL, 'Average', NULL, NULL, NULL, NULL, NULL, NULL, NULL, NULL),
(66, NULL, NULL, NULL, 'Athletic', 'Tall', 'Black', NULL, 'Widowed', 'No', NULL, NULL, NULL),
(67, NULL, NULL, NULL, 'Athletic', 'Average', 'Red', NULL, 'Separated', 'No', NULL, NULL, NULL),
(68, NULL, NULL, NULL, 'Slim', 'Short', 'Auburn', NULL, 'Never married', 'Yes', NULL, NULL, NULL),
(71, NULL, NULL, NULL, 'slim', 'tall', NULL, NULL, NULL, NULL, NULL, NULL, NULL),
(1622, NULL, NULL, NULL, 'Slim', 'Average', 'Bald', NULL, 'Never married', 'Yes', NULL, NULL, NULL),
(1623, NULL, NULL, NULL, 'Slim', 'Average', 'Auburn', NULL, 'Separated', 'No', NULL, NULL, NULL),
(1626, NULL, NULL, NULL, 'Athletic', 'Tall', 'Black', NULL, 'Divorced', '', '', '', NULL),
(1627, NULL, NULL, NULL, 'Cuddly', 'Short', 'Bald', NULL, 'Divorced', 'Yes', 'no', 'no', 'I love in Florida, United States of America. I have dear friends who are Irish and have a home there. I have always love the culture. I have family in Span and Portugal as well. I was born in New Jersey in the USA. My mom is Cuban and my father was Portuguese. I am accustomed to European cultures. '),
(1628, NULL, NULL, NULL, 'Slim', 'Short', 'Bald', NULL, 'Divorced', 'Yes', 'no', 'yes', NULL),
(1629, NULL, NULL, NULL, 'Average', 'Average', 'Black', NULL, 'Divorced', 'Yes', 'no', 'yes', NULL),
(1630, NULL, NULL, NULL, NULL, NULL, NULL, NULL, NULL, NULL, NULL, NULL, NULL),
(1631, NULL, NULL, NULL, 'Athletic', 'Average', 'Bald', NULL, 'Separated', 'Yes', 'yes', 'no', NULL),
(1633, NULL, NULL, NULL, 'Average', 'Average', 'Auburn', NULL, 'Divorced', 'Yes', 'yes', 'yes', 'Thanks for shopping at Argos.ie. If you requested it, we''ll also send your reservation number by text. \r\nPlease remember that these items have not yet been paid for. Please quote your reservation number at the store.'),
(1634, NULL, NULL, NULL, 'Slim', '', '', NULL, '', '', '', 'yes', ''),
(1635, NULL, NULL, NULL, '', '', '', '', '', '', '', '', ''),
(1636, NULL, NULL, NULL, '', '', '', NULL, '', '', '', '', 'bbvcbcvbcbcbcb'),
(1637, NULL, NULL, NULL, 'Athletic', 'Short', 'Bald', NULL, 'Never married', 'No', 'yes', 'yes', 'cbcbcxbcxbcx'),
(1638, NULL, NULL, NULL, 'Athletic', 'Average', 'Bald', NULL, 'Never married', 'Yes', 'yes', 'yes', 'eqeqeeq'),
(1644, NULL, NULL, NULL, 'Slim', 'Short', 'Bald', NULL, 'Never married', 'Yes', 'no', 'yes', 'bfdbfbfdbdf'),
(1645, NULL, NULL, NULL, 'Slim', 'Average', 'Auburn', NULL, 'Never married', 'No', 'no', 'yes', 'fhgfhfdh'),
(1646, NULL, NULL, NULL, 'Athletic', 'Short', 'Auburn', NULL, 'Divorced', 'Yes', 'yes', 'yes', 'tdgdgdsgsddsgdsvdvvdssdvd'),
(1647, NULL, NULL, NULL, 'Athletic', 'Tall', 'Auburn', NULL, 'Never married', 'Yes', 'yes', 'yes', 'ddadad');

-- --------------------------------------------------------

--
-- Table structure for table `users`
--

DROP TABLE IF EXISTS `users`;
CREATE TABLE IF NOT EXISTS `users` (
  `User_id` int(16) NOT NULL AUTO_INCREMENT,
  `Password` varchar(16) DEFAULT NULL,
  `User_name` varchar(16) NOT NULL,
  `E_Mail` varchar(255) DEFAULT NULL,
  `firstname` varchar(16) DEFAULT NULL,
  `surname` varchar(30) DEFAULT NULL,
  `location` varchar(15) DEFAULT NULL,
  `age` int(3) DEFAULT NULL,
  `sex` varchar(32) DEFAULT NULL,
  `Phone` int(16) DEFAULT NULL,
  PRIMARY KEY (`User_id`),
  UNIQUE KEY `User_name_2` (`User_name`),
  UNIQUE KEY `E-Mail` (`E_Mail`),
  KEY `Password` (`Password`)
) ENGINE=InnoDB AUTO_INCREMENT=1648 DEFAULT CHARSET=latin1;

--
-- Dumping data for table `users`
--

INSERT INTO `users` (`User_id`, `Password`, `User_name`, `E_Mail`, `firstname`, `surname`, `location`, `age`, `sex`, `Phone`) VALUES
(13, '12345', 'looking', 'jimbob@yahoo.ie', 'james', 'jones', 'limerick', 30, 'Man seeking Woman', 1234567),
(14, 'iloveu', 'fungirl', 'Maryloo@yahoo.ie', 'mary', 'smith', 'cork', 30, 'female', 14646464),
(15, 'munster78', 'sexylad', 'joes@yahoo.co.uk', 'joe', 'smith', 'limerick', 30, 'male', 246757557),
(16, 'munster', 'beanstalk', 'jgrimes@yahoo.ie', 'jack', 'grimes', 'limerick', 30, 'male', 34356646),
(17, 'pass234', 'irishguy', 'seanoc@yahoo.ie', 'sean', 'oconnner', 'galwausersy', 30, 'male', 686675443),
(18, '34526', 'birthday', 'kathleenlee@yahoo.ie', 'kath', 'lee', 'dublin', 30, 'female', 35325355),
(27, 'hello', 'user12', NULL, '', NULL, '', NULL, '', NULL),
(28, 'he', 'test3', 'J@co.uk', 'johnny', NULL, 'wexford', 34, 'male', NULL),
(29, 'mine', 'stampy', 'james@ie', 'james', NULL, 'barcelona', 8, 'male', NULL),
(30, 'hy', '3', 'h', 'h', NULL, 'h', 5, 'h', NULL),
(34, 'r', 'gtr', 'r', 'r', NULL, 'Carlow', 4, 'r', NULL),
(35, 'jj', 'jghj', 'jj', 'jj', NULL, 'Carlow', 6, 'j', NULL),
(37, 'g', 'gfhgfh', 'g', 'gg', NULL, 'Armagh', 18, 'Man seeking Woman', NULL),
(40, 'e', 'ertete', 'e', 'e', NULL, 'Cork', 18, 'Man seeking Woman', NULL),
(42, 'ft', 'new3333', 'f', 'ffff', NULL, 'Dublin', 26, 'Man seeking Woman', NULL),
(44, 'rg', 'ggr', 'rg', 'rg', NULL, 'Cork', 18, 'Woman seeking Woman', NULL),
(45, 'y', 'test45676', 'y', 'y', NULL, 'Kilkenny', 34, 'Man seeking Man', NULL),
(46, 'gt', 'gt', 'gt', 'gt', NULL, 'Meath', 41, 'Woman seeking Man', NULL),
(47, 'fg', 'fdfgf', 'fg', 'fg', NULL, 'Armagh', 18, 'Man seeking Woman', NULL),
(48, 'rt', 'fort', 'rt', 'rt', NULL, 'Dublin', 33, 'Man seeking Man', NULL),
(50, 'df', 'dvd', 'dfd', 'df', NULL, 'Armagh', 18, 'Man seeking Woman', NULL),
(51, 'er', 'retetet', 'er', 'er', NULL, 'Armagh', 18, 'Man seeking Woman', NULL),
(53, 'df', 'df', 'df', 'df', NULL, 'Armagh', 18, 'Man seeking Woman', NULL),
(54, 'ty', 'hytyty', 'ty', 'ty', NULL, 'Armagh', 18, 'Man seeking Woman', NULL),
(55, 'mi', 'tester78', 'mh', 'test2', NULL, '42', 35, 'Man seeking Man', NULL),
(56, 'rr', 'ryryryry', 'rr', 'rttrt', NULL, 'Kilkenny', 33, 'Woman seeking Man', NULL),
(63, 'yui', 'gertyu', 'ytyty@jyuty.g', 'ghghhgf', NULL, 'Armagh', 18, 'Man seeking Woman', NULL),
(65, 'g', 'g', 'gh@ghfg', 'g', NULL, 'Armagh', 18, 'Man seeking Woman', NULL),
(66, 'ss', 'ddfsafs', 'sffs@jg', 'ggjgfj', NULL, 'Longford', 33, 'Woman seeking Woman', NULL),
(67, 'ee', 'tetetetewe', 'etet@hgjg', 'gg', NULL, 'Armagh', 18, 'Man seeking Woman', NULL),
(68, 'hh', 'fhththth', 'hhhfh@tjt', 'hjhjtyj', NULL, 'Sligo', 40, 'Man seeking Man', NULL),
(69, 'd', 'gdfgdddds', 'dgdgd@', 'gdsgdg', NULL, 'Tyrone', 27, 'Woman seeking Man', NULL),
(70, 'g', 'ghgh', 'ghg@jhgjgj.gjg', 'ghgh', NULL, 'Armagh', 18, 'Man seeking Woman', NULL),
(71, 'hy', 'grgregertg', 'hjfjh@gngng.lo', 'thththth', NULL, 'Limerick City', 34, 'Woman seeking Man', NULL),
(72, 'er', 'jane23', 'er@ere.jgj', 'jane', NULL, '42', 31, 'Woman seeking Man', NULL),
(73, 'f', 'jgfhfh', 'fgfdghdf@gjg.k', 'kelly', NULL, 'Kildare', 34, 'Woman seeking Man', NULL),
(74, 't', 'rgrgrg', 'ththr''thth@gjg.hj', 'hjhfjfh', NULL, 'Kilkenny', 18, 'Woman seeking Man', NULL),
(75, 'mS0MXnRZ', 'cWdwLOVF', NULL, NULL, NULL, NULL, NULL, NULL, NULL),
(76, 'sgH429T3', 'gTx8zkSa', NULL, NULL, NULL, NULL, NULL, NULL, NULL),
(84, 'oirCacMB', 'H5GEyIqr', NULL, NULL, NULL, NULL, NULL, NULL, NULL),
(85, 'DSximwoV', 'S3TUB7RV', NULL, NULL, NULL, NULL, NULL, NULL, NULL),
(86, 'uQ3NdwGj', 'SpDzIQ1C', NULL, NULL, NULL, NULL, NULL, NULL, NULL),
(87, 'Rjwe40VP', 'RBVrMu5h', NULL, NULL, NULL, NULL, NULL, NULL, NULL),
(88, '98oP1j0B', 'TQke2EOM', NULL, NULL, NULL, NULL, NULL, NULL, NULL),
(89, 'xEw0bgQV', 'yha4zeq7', NULL, NULL, NULL, NULL, NULL, NULL, NULL),
(90, 'es9BC0gZ', 'zRyx7CaG', NULL, NULL, NULL, NULL, NULL, NULL, NULL),
(91, '9nWQEfH0', 'bOeogyxT', NULL, NULL, NULL, NULL, NULL, NULL, NULL),
(92, 'y4nC56YS', '01kq4vwC', NULL, NULL, NULL, NULL, NULL, 'Man seeking Woman', NULL),
(93, 'CGNp1hfe', 'oRxLeNYd', NULL, NULL, NULL, NULL, NULL, 'Man seeking Woman', NULL),
(94, 'zWxwGVmL', 'mhPawVkp', NULL, NULL, NULL, NULL, NULL, 'Man seeking Woman', NULL),
(95, 'LRs1rjw8', '08d26rkG', NULL, NULL, NULL, NULL, 53, 'Man seeking Man', NULL),
(96, 's5VLv4F0', 'R2AcGr4e', NULL, NULL, NULL, NULL, 92, 'Man seeking Man', NULL),
(97, 'cOvAjqI8', 'lpORUAc1', NULL, NULL, NULL, NULL, 25, 'Man seeking Man', NULL),
(98, 'f', 'fdhdfhdfh', 'fgdfhdf@nvnc.ghg', 'gjgjj', NULL, 'Armagh', 18, 'Man seeking Woman', NULL),
(99, 'k', 'jkhkhjk', 'kjhkjhk@gjg.g', 'ghfgh', NULL, 'Armagh', 18, 'Man seeking Woman', NULL),
(100, 'f', 'hfhfdh', 'fdhh@ghgfh.h', 'hjjh', NULL, 'Armagh', 18, 'Man seeking Woman', NULL),
(101, 'g', 'ffhdf', 'gdgdsg@ghg.h', 'f', NULL, 'Armagh', 18, 'Man seeking Woman', NULL),
(102, 'h', 'ffgfg', 'hghfh@hghgh.g', 'gh', NULL, 'Armagh', 18, 'Man seeking Woman', NULL),
(103, 'c', 'vbvcbc', 'cb@vbvb.fhh', 'ff', NULL, 'Armagh', 18, 'Man seeking Woman', NULL),
(104, 'dd', 'fdds', 'ddddgf@fff.ghg', 'ghfhf', NULL, 'Kerry', 33, 'Man seeking Man', NULL),
(105, 'f', 'dgdsg', 'dfgdfg@fhfdh.gh', 'dfgfdg', NULL, 'Armagh', 18, 'Man seeking Woman', NULL),
(106, 's', 'fsdfsd', 'ssfsfassa@gfgfh.hgh', 'h', NULL, 'Armagh', 18, 'Man seeking Woman', NULL),
(108, 'f', 'hfhdffvbdv', 'fgsg@hnjh.j', 'j', NULL, 'Galway', 18, 'Man seeking Man', NULL),
(109, 'd', 'dcdvcdsvs', 'dsgfdsgs@fgfg.h', 'hf', NULL, 'Down', 26, 'Woman seeking Woman', NULL),
(110, 'd', 'fggdsfgdsg', 'dgdgds@fhfh.hj', 'ggd', NULL, 'Armagh', 18, 'Man seeking Woman', NULL),
(111, 'FmBD1aNw', 'UonNk3mW', NULL, NULL, NULL, NULL, 43, NULL, NULL),
(112, 'MPYb5RJB', 'v72KVEyi', NULL, NULL, NULL, NULL, 67, NULL, NULL),
(113, '54YkQcvO', 'PAy0GYT8', NULL, NULL, NULL, NULL, 67, 'Woman seeking Woman', NULL),
(114, '9zygitPu', '4pdVDFiW', NULL, NULL, NULL, NULL, 75, NULL, NULL),
(115, 'OKpFtePr', 'VXAvnBwh', NULL, NULL, NULL, NULL, 82, NULL, NULL),
(116, '5Eto0mpf', 'QmIA9eJY', NULL, NULL, NULL, NULL, 27, 'Woman seeking Woman', NULL),
(117, 'm34cd7Sp', 'EHCFA8uZ', NULL, NULL, NULL, NULL, 49, 'Woman seeking Man', NULL),
(118, 'PUH5sDId', 'sFLXBlDV', NULL, NULL, NULL, NULL, 24, 'Man seeking Woman', NULL),
(119, '43iFLjq2', 'Rq75I6Eo', NULL, NULL, NULL, NULL, 32, 'Man seeking Man', NULL),
(120, 'MoZPJ1nU', '8s573QAN', NULL, NULL, NULL, NULL, 57, 'Man seeking Man', NULL),
(1121, 'r3QFwYtI', '9XLQHDyh', NULL, 'gqfvm', NULL, NULL, 42, 'Man seeking Man', NULL),
(1122, 'LaMnms1v', 'vRO908bj', NULL, 'jmcux', NULL, NULL, 64, 'Man seeking Man', NULL),
(1123, 'AZzT3aiq', '4N9Art0o', NULL, 'xnkpr', NULL, NULL, 94, 'Man seeking Man', NULL),
(1124, 'U3yvdZkR', 'I60RONQT', NULL, 'aqoby', NULL, NULL, 67, 'Woman seeking Man', NULL),
(1125, 'zJPM0mIR', '0CbDxZjq', NULL, 'lxmqy', NULL, NULL, 69, 'Woman seeking Man', NULL),
(1126, '2Xn1PsV6', 'n4B0GsSP', NULL, 'ytlpg', NULL, NULL, 25, 'Woman seeking Woman', NULL),
(1127, '0BNo31O7', 'W80GgLyQ', NULL, 'raimv', NULL, NULL, 78, 'Man seeking Woman', NULL),
(1128, 'yLd8ZD6U', 'M7IhJSUP', NULL, 'tnlxa', NULL, NULL, 38, 'Woman seeking Woman', NULL),
(1129, 'CzmyHWj8', 'V46sbha1', NULL, 'pescr', NULL, NULL, 95, 'Man seeking Woman', NULL),
(1130, 'L0rk1tXl', 'dhT7c0In', NULL, 'nugpy', NULL, NULL, 47, 'Woman seeking Man', NULL),
(1131, '3E2ABuha', 'rhj7nd5c', NULL, 'fytgb', NULL, NULL, 89, 'Man seeking Woman', NULL),
(1132, 'NHxenmYg', '50CLHonv', NULL, 'gqrxz', NULL, NULL, 59, 'Woman seeking Man', NULL),
(1133, 'GxqbnANp', 'qQI5ZzRF', NULL, 'ifobq', NULL, NULL, 93, 'Woman seeking Woman', NULL),
(1134, 'H56WIzZD', 'GiR8Yt3F', NULL, 'ktjuw', NULL, NULL, 86, 'Woman seeking Woman', NULL),
(1135, 'sAdUJPHp', 'xSvHzoiC', NULL, 'spjwe', NULL, NULL, 76, 'Man seeking Woman', NULL),
(1136, 'xgFHD1nA', '2ukarfth', NULL, 'zqone', NULL, NULL, 26, 'Woman seeking Woman', NULL),
(1137, '24XzGloQ', 'r7H18miW', NULL, 'czgsf', NULL, NULL, 24, 'Woman seeking Woman', NULL),
(1138, 'm7UDgOrX', 'sICPFfV5', NULL, 'dazhj', NULL, NULL, 62, 'Man seeking Man', NULL),
(1139, 'GX3QY9Au', 'WLkSDyCg', NULL, 'vgjmp', NULL, NULL, 84, 'Woman seeking Woman', NULL),
(1140, '9bxdjgGf', 'r4Mi6BKS', NULL, 'mbyde', NULL, NULL, 73, 'Woman seeking Woman', NULL),
(1141, 'uNy2C8lI', 'WwjF1gaQ', NULL, 'vbtje', NULL, NULL, 32, 'Woman seeking Woman', NULL),
(1142, 'NUfTIj9G', 'Cz4GFjxS', NULL, 'qjatg', NULL, NULL, 49, 'Woman seeking Man', NULL),
(1143, 'ZG9H3eJm', 'VF84exEf', NULL, 'uviqe', NULL, NULL, 67, 'Woman seeking Woman', NULL),
(1144, 'mcz67xsN', '9BfAaIOE', NULL, 'ieupf', NULL, NULL, 28, 'Man seeking Man', NULL),
(1145, 'ma1qDMUG', 'nkIXEayV', NULL, 'cgeox', NULL, NULL, 72, 'Man seeking Man', NULL),
(1146, 'l4zgvqwn', 'PUmhsl3d', NULL, 'etuqm', NULL, NULL, 85, 'Woman seeking Woman', NULL),
(1147, 'uRZDjEM7', 't2wyENmb', NULL, 'htoex', NULL, NULL, 96, 'Man seeking Woman', NULL),
(1148, 'vHxQ7unm', 'BEfQZCFD', NULL, 'flngk', NULL, NULL, 35, 'Man seeking Man', NULL),
(1149, 'ldMZHcuv', 'sqQpoj7g', NULL, 'rgczo', NULL, NULL, 93, 'Woman seeking Man', NULL),
(1150, 'FDBYuIne', 'Qk49ov68', NULL, 'nvaxj', NULL, NULL, 52, 'Man seeking Woman', NULL),
(1151, 'yoxGunsA', 'A1I8RBX0', NULL, 'xegmf', NULL, NULL, 24, 'Man seeking Man', NULL),
(1152, 'dfjQFc4W', 'nQIWcadi', NULL, 'apshi', NULL, NULL, 89, 'Woman seeking Man', NULL),
(1153, '5pqlV8xF', 'TFsx9jyE', NULL, 'kclbg', NULL, NULL, 32, 'Man seeking Woman', NULL),
(1154, 'dHesTIZb', '1kLHxGp8', NULL, 'idqpy', NULL, NULL, 57, 'Man seeking Woman', NULL),
(1155, 'zaNcdgyf', 'Fkb6T2CQ', NULL, 'aikxj', NULL, NULL, 29, 'Woman seeking Man', NULL),
(1156, 'WNhFqSIB', 'lgt0rCTN', NULL, 'xnbtz', NULL, NULL, 42, 'Woman seeking Woman', NULL),
(1157, 'L26ToypN', 'wrAVoiU9', NULL, 'dfgcs', NULL, NULL, 25, 'Man seeking Woman', NULL),
(1158, 'AtlC2FRd', 'EqOKJaUF', NULL, 'pczfn', NULL, NULL, 95, 'Woman seeking Man', NULL),
(1159, 'CGe15wdW', 'a7Tu918p', NULL, 'sjeit', NULL, NULL, 72, 'Woman seeking Man', NULL),
(1160, 'hiDuUn9v', '9lEQJ0nA', NULL, 'cdfzk', NULL, NULL, 64, 'Woman seeking Woman', NULL),
(1161, 'cSO8mvfE', '3BVftJFp', NULL, 'gxuhc', NULL, NULL, 95, 'Woman seeking Man', NULL),
(1162, 'NYrh4mgV', 'MK7lP3Q9', NULL, 'rkyew', NULL, NULL, 93, 'Woman seeking Woman', NULL),
(1163, 'VoPm3blw', 'DkP6y7LY', NULL, 'qwidg', NULL, NULL, 43, 'Man seeking Woman', NULL),
(1164, 'hzK1yQpm', 'gMkDempb', NULL, 'cevuw', NULL, NULL, 36, 'Man seeking Woman', NULL),
(1165, 'reDW1h2I', 'jZlrCDX0', NULL, 'xgjhi', NULL, NULL, 76, 'Woman seeking Man', NULL),
(1166, 'kxoRSZEb', 'JVh479mt', NULL, 'mkpgv', NULL, NULL, 65, 'Woman seeking Woman', NULL),
(1167, 'SuR06B8a', 'ij3Crlx5', NULL, 'litpy', NULL, NULL, 89, 'Man seeking Man', NULL),
(1168, 'WZBHihkb', 'GfYATCXP', NULL, 'hlniu', NULL, NULL, 98, 'Man seeking Man', NULL),
(1169, 'S8CLiuNy', 'zyQXBCVM', NULL, 'kfnaq', NULL, NULL, 23, 'Man seeking Man', NULL),
(1170, 'obuHOQeY', 'vtWk3xso', NULL, 'laiuc', NULL, NULL, 46, 'Man seeking Woman', NULL),
(1171, 'CJWbuNoO', 'm30RlSrF', NULL, 'vpqba', NULL, NULL, 75, 'Man seeking Man', NULL),
(1172, 'wUH8qJ2m', 'k5w8VEQt', NULL, 'qieha', NULL, NULL, 46, 'Woman seeking Woman', NULL),
(1173, 'zJIFsgD8', 'SK4ODNqv', NULL, 'chwas', NULL, NULL, 63, 'Man seeking Woman', NULL),
(1174, 'jA1T2vcB', 'uhTUtjs9', NULL, 'zmhlk', NULL, NULL, 62, 'Man seeking Man', NULL),
(1175, 'bpqNEDn5', 's5VFOpcP', NULL, 'kxmlf', NULL, NULL, 82, 'Woman seeking Man', NULL),
(1176, 'HTgfUKzB', 'Pl8Gova0', NULL, 'tdzgs', NULL, NULL, 86, 'Woman seeking Man', NULL),
(1177, 'lBPdk0WO', 'hmXCzPkf', NULL, 'kqfzn', NULL, NULL, 97, 'Man seeking Woman', NULL),
(1178, 'SQTXtspx', 'gny8QhFL', NULL, 'mcigf', NULL, NULL, 34, 'Man seeking Woman', NULL),
(1179, 'yXqEwPTk', 'Rl1WC6En', NULL, 'nljve', NULL, NULL, 34, 'Man seeking Woman', NULL),
(1180, 'HY2jBf1m', 'S92aHPZN', NULL, 'yamcg', NULL, NULL, 45, 'Woman seeking Woman', NULL),
(1181, 'fogUHtLE', 'YAKvstHL', NULL, 'viefh', NULL, NULL, 26, 'Woman seeking Woman', NULL),
(1182, 'Yt7W0AJs', 'h6Q0iDY1', NULL, 'kagfh', NULL, NULL, 42, 'Man seeking Man', NULL),
(1183, 'z3eSsIXU', 'Vbn6tA74', NULL, 'sciyn', NULL, NULL, 96, 'Man seeking Woman', NULL),
(1184, 'onHtKsFO', 'GudHBm9V', NULL, 'nrqzj', NULL, NULL, 84, 'Man seeking Woman', NULL),
(1185, 'fwqpahN4', 'vjUVOwty', NULL, 'qujkv', NULL, NULL, 62, 'Man seeking Man', NULL),
(1186, 'HmjiFapT', 'y4ioTqsW', NULL, 'ejwti', NULL, NULL, 83, 'Man seeking Woman', NULL),
(1187, 'CDmc5Jdy', '5rlt43Ff', NULL, 'fdsqr', NULL, NULL, 73, 'Man seeking Woman', NULL),
(1188, 'FIj8Gb42', 'aNr4V2W1', NULL, 'inloh', NULL, NULL, 49, 'Man seeking Man', NULL),
(1189, 'oqAdzuKc', 'wcUibdXe', NULL, 'vqsyd', NULL, NULL, 23, 'Man seeking Man', NULL),
(1190, 'Eab3DFdf', 'Q0YqgVT4', NULL, 'nukem', NULL, NULL, 95, 'Woman seeking Man', NULL),
(1191, 'onYLOjrf', 'pR9qnJi2', NULL, 'yrgza', NULL, NULL, 78, 'Man seeking Man', NULL),
(1192, '2OQPGqDw', '82ldvXfN', NULL, 'vjlbc', NULL, NULL, 94, 'Man seeking Man', NULL),
(1193, 'ldcAvH1b', 'I0bTRQPW', NULL, 'aheux', NULL, NULL, 25, 'Woman seeking Man', NULL),
(1194, 'Kpikdj9r', 'BaHTzS1O', NULL, 'wsdjb', NULL, NULL, 73, 'Man seeking Man', NULL),
(1195, 'WULIwkdV', 'YkOeNlL3', NULL, 'wthpj', NULL, NULL, 25, 'Man seeking Man', NULL),
(1196, 'QYdCWn6b', 'jsvgc12a', NULL, 'mypxi', NULL, NULL, 47, 'Man seeking Man', NULL),
(1197, 'G6ufqCdo', 'HBhuQxmN', NULL, 'ilveh', NULL, NULL, 48, 'Man seeking Woman', NULL),
(1198, '8w21d6Lg', 'Ap3ZKvo7', NULL, 'bnzwe', NULL, NULL, 87, 'Man seeking Woman', NULL),
(1199, '5Mic082f', 'a0IJhFc3', NULL, 'wnlcj', NULL, NULL, 62, 'Man seeking Man', NULL),
(1200, 'implevdG', 'YQ8OgoIi', NULL, 'fhcuv', NULL, NULL, 72, 'Man seeking Woman', NULL),
(1201, 'fqBz3dwo', 'YHgCbSD4', NULL, 'jrpeh', NULL, NULL, 46, 'Woman seeking Man', NULL),
(1202, 'gWUK0zVk', 'T3tiGrem', NULL, 'knfer', NULL, NULL, 29, 'Woman seeking Woman', NULL),
(1203, '7dwKpLoX', 'WDVCMJiv', NULL, 'mgzeu', NULL, NULL, 59, 'Woman seeking Man', NULL),
(1204, 'whkmQCDp', 'MY08spm2', NULL, 'wutfv', NULL, NULL, 83, 'Woman seeking Man', NULL),
(1205, 'B8pylLSJ', 'ZfPL96UT', NULL, 'yanlx', NULL, NULL, 73, 'Woman seeking Man', NULL),
(1206, 'TJWZOCop', 'vFcb0BAH', NULL, 'niqrg', NULL, NULL, 26, 'Man seeking Woman', NULL),
(1207, 'mfi1u67X', 'bVsR0q4M', NULL, 'wjthk', NULL, NULL, 57, 'Man seeking Man', NULL),
(1208, 'PZLe0Eq7', 'jvg5tpzU', NULL, 'upxhs', NULL, NULL, 45, 'Man seeking Man', NULL),
(1209, 'Di6asJFG', '6HtGVIKz', NULL, 'ijmqp', NULL, NULL, 32, 'Woman seeking Man', NULL),
(1210, 'zuEnVvZ4', 'hKowivPL', NULL, 'hwznb', NULL, NULL, 92, 'Woman seeking Man', NULL),
(1211, 'OAq9UuFE', 'RwSVOEUH', NULL, 'hdsgn', NULL, NULL, 58, 'Woman seeking Woman', NULL),
(1212, '7fDjMt2b', '6iJt1fyb', NULL, 'hmrvn', NULL, NULL, 46, 'Man seeking Man', NULL),
(1213, 'R73Sduzt', 'aRsOmyCZ', NULL, 'isvmx', NULL, NULL, 58, 'Woman seeking Man', NULL),
(1214, 'TdERbxLy', 'haoHpNSJ', NULL, 'ogsme', NULL, NULL, 73, 'Man seeking Woman', NULL),
(1215, 'hOCBmS1N', 'tEZOwolL', NULL, 'baxwc', NULL, NULL, 26, 'Woman seeking Man', NULL),
(1216, 'IWCOQaBk', 'VEavWyNj', NULL, 'kldsj', NULL, NULL, 87, 'Man seeking Man', NULL),
(1217, '5XVT9IdH', '52BfKRry', NULL, 'afqkw', NULL, NULL, 32, 'Woman seeking Man', NULL),
(1218, 'eAyziJhs', 'kWrRITKH', NULL, 'dexjz', NULL, NULL, 23, 'Man seeking Man', NULL),
(1219, 'y4x3VoSE', 'NLRt3wfX', NULL, 'kqmbh', NULL, NULL, 46, 'Man seeking Woman', NULL),
(1220, 'qZ6m2F0z', 'EavngUV9', NULL, 'fbsry', NULL, NULL, 53, 'Man seeking Woman', NULL),
(1221, 'dZ8SvfxL', 'OV4rWYJU', NULL, 'zcslm', NULL, NULL, 57, 'Woman seeking Woman', NULL),
(1222, 'ted8C3Q0', 'cIiyBEpn', NULL, 'qczpe', NULL, NULL, 98, 'Man seeking Woman', NULL),
(1223, 'mCrNGgLT', 'NZRHezKw', NULL, 'piksl', NULL, NULL, 78, 'Woman seeking Woman', NULL),
(1224, 'tzTG392A', 'n1eJhzTX', NULL, 'opnvm', NULL, NULL, 54, 'Man seeking Man', NULL),
(1225, 'acvwTF5G', '7KcWhOtJ', NULL, 'rahip', NULL, NULL, 29, 'Woman seeking Woman', NULL),
(1226, '5o1IXJTs', 'NcbS3hyX', NULL, 'doqjf', NULL, NULL, 24, 'Woman seeking Woman', NULL),
(1227, 'AEkmaljo', '2ZwliX3t', NULL, 'ltuon', NULL, NULL, 25, 'Man seeking Man', NULL),
(1228, '2KrIjgFO', 'lsaTgBIP', NULL, 'zyinq', NULL, NULL, 63, 'Woman seeking Woman', NULL),
(1229, 'DinvgdwP', '7NoVMprT', NULL, 'dxnav', NULL, NULL, 58, 'Woman seeking Man', NULL),
(1230, 'qZ5NAelU', 'YSseUwFP', NULL, 'obqsg', NULL, NULL, 64, 'Man seeking Woman', NULL),
(1231, 'IQavn3T2', '52PzHjAM', NULL, 'wmcdf', NULL, NULL, 34, 'Woman seeking Man', NULL),
(1232, '8LVrqSjy', 'T1wukQOI', NULL, 'tbzay', NULL, NULL, 62, 'Man seeking Man', NULL),
(1233, '9wP4ZeRl', 'G56KRl4j', NULL, 'ctazy', NULL, NULL, 84, 'Woman seeking Woman', NULL),
(1234, '0Hk91WTI', '9tsNy5Ei', NULL, 'xglin', NULL, NULL, 28, 'Man seeking Man', NULL),
(1235, 'j5BhvN1A', 'Do6Jj31y', NULL, 'xuztf', NULL, NULL, 52, 'Woman seeking Man', NULL),
(1236, 'qj05aOcU', '5rKYt2Dh', NULL, 'drqjw', NULL, NULL, 95, 'Man seeking Man', NULL),
(1237, 'WuOXrAiR', 'lmbj1zsI', NULL, 'nuwrx', NULL, NULL, 93, 'Man seeking Man', NULL),
(1238, 'm51rWxKi', 'WvEAatN6', NULL, 'tdiok', NULL, NULL, 39, 'Man seeking Man', NULL),
(1239, 'hjxDScek', 'r75zmhsF', NULL, 'xtcvj', NULL, NULL, 36, 'Man seeking Man', NULL),
(1240, 'rYwztn0p', 'pCung7QN', NULL, 'hrfak', NULL, NULL, 52, 'Woman seeking Man', NULL),
(1241, 'SMoDvTxr', '6CaG802p', NULL, 'yripm', NULL, NULL, 34, 'Woman seeking Woman', NULL),
(1242, 'Ecd7LgJz', 'TKP7V1ov', NULL, 'pmshy', NULL, NULL, 97, 'Woman seeking Man', NULL),
(1243, 'nNW4DTfh', '7vn5mhlz', NULL, 'wenis', NULL, NULL, 59, 'Man seeking Man', NULL),
(1244, 'Psqb38MH', '45TczKEZ', NULL, 'nlsed', NULL, NULL, 28, 'Woman seeking Man', NULL),
(1245, 'rn2PmeEy', 'upbUPRO0', NULL, 'fixmv', NULL, NULL, 37, 'Man seeking Man', NULL),
(1246, '3r72Ffs8', 'omCl4fsr', NULL, 'cmkpo', NULL, NULL, 47, 'Man seeking Woman', NULL),
(1247, 'ZN4TMoVk', 'khV28sRq', NULL, 'gcwez', NULL, NULL, 78, 'Man seeking Man', NULL),
(1248, 'AoXpfVM7', 'EZnwDG84', NULL, 'gewlu', NULL, NULL, 35, 'Woman seeking Man', NULL),
(1249, 'xw7poeOt', 'nDL270ZN', NULL, 'icfdv', NULL, NULL, 24, 'Man seeking Man', NULL),
(1250, 'QpLoPC91', '6jdHklOf', NULL, 'jrqma', NULL, NULL, 27, 'Woman seeking Woman', NULL),
(1251, 'VLPx6ubi', '1zNBwk3b', NULL, 'hbjtw', NULL, NULL, 43, 'Woman seeking Man', NULL),
(1252, '5di0aX4R', 'zs3DIZok', NULL, 'geuhs', NULL, NULL, 64, 'Man seeking Man', NULL),
(1253, 'YB1dgRsG', 'CO9phvXa', NULL, 'jodtr', NULL, NULL, 87, 'Woman seeking Woman', NULL),
(1254, '1AvuF267', 'uwTozdlV', NULL, 'pwigc', NULL, NULL, 78, 'Woman seeking Man', NULL),
(1255, 'UpkJFuE2', 'phmKA7r2', NULL, 'cmnyv', NULL, NULL, 65, 'Man seeking Woman', NULL),
(1256, 'aywR5XoO', 'CTAYvsa8', NULL, 'mdulv', NULL, NULL, 65, 'Woman seeking Man', NULL),
(1257, 'Nzk2LOta', '5s0pBcKP', NULL, 'rqcde', NULL, NULL, 35, 'Woman seeking Man', NULL),
(1258, 'JsZtoCX1', 'yjGtdWpC', NULL, 'krlez', NULL, NULL, 48, 'Woman seeking Man', NULL),
(1259, 'r03DbXcW', 'xyRTlsqO', NULL, 'zvcmg', NULL, NULL, 27, 'Woman seeking Man', NULL),
(1260, 'sOZ9MxJH', 'EzVu6cBi', NULL, 'ukgar', NULL, NULL, 45, 'Man seeking Man', NULL),
(1261, '6xHhVik1', 'j1fWExJ8', NULL, 'asrzf', NULL, NULL, 58, 'Man seeking Woman', NULL),
(1262, 'xTu961rU', '6CWjOvZX', NULL, 'ysexw', NULL, NULL, 47, 'Man seeking Woman', NULL),
(1263, 'hBkfUlxH', 'SKvMYsFJ', NULL, 'uyeot', NULL, NULL, 28, 'Man seeking Woman', NULL),
(1264, 'zidx0NqC', 'Wg3M5vKp', NULL, 'bjdyt', NULL, NULL, 75, 'Woman seeking Man', NULL),
(1265, 'qZMrFhG1', 'ekYS2bGg', NULL, 'glmhj', NULL, NULL, 45, 'Man seeking Woman', NULL),
(1266, 'PdDfzBX8', 'xb17NJq6', NULL, 'pvqti', NULL, NULL, 93, 'Man seeking Woman', NULL),
(1267, 'hc0U645q', 'cDFylk8a', NULL, 'oxncr', NULL, NULL, 65, 'Man seeking Woman', NULL),
(1268, 'mKu0ECxq', 'gU9ZBFfH', NULL, 'edasq', NULL, NULL, 93, 'Woman seeking Woman', NULL),
(1269, '2EtYDK4M', 'QlYck4vJ', NULL, 'wdmqf', NULL, NULL, 53, 'Woman seeking Woman', NULL),
(1270, 'EGLQPg52', 'aoR3nvGN', NULL, 'yajcl', NULL, NULL, 46, 'Man seeking Woman', NULL),
(1271, 'BnYEWhOy', 'fb5J2c7P', NULL, 'dinrc', NULL, NULL, 89, 'Man seeking Woman', NULL),
(1272, 'c7RaT6oM', 'n6748xag', NULL, 'aludk', NULL, NULL, 86, 'Man seeking Woman', NULL),
(1273, 'Pde9YyzV', 'vq39eMS0', NULL, 'jdisn', NULL, NULL, 57, 'Man seeking Woman', NULL),
(1274, 'wZHaW5tz', 'm5oEtClq', NULL, 'ycopx', NULL, NULL, 79, 'Woman seeking Man', NULL),
(1275, 'A2BMKODu', '0rPjldRI', NULL, 'qlaft', NULL, NULL, 52, 'Man seeking Woman', NULL),
(1276, '8VgXY7a1', 'IjpQTt1P', NULL, 'ezbnu', NULL, NULL, 62, 'Man seeking Woman', NULL),
(1277, 'z58QldZF', 'pdRKhGb6', NULL, 'qyeaw', NULL, NULL, 62, 'Woman seeking Man', NULL),
(1278, 'VCIn5zPi', '3jGwFPtm', NULL, 'geour', NULL, NULL, 29, 'Man seeking Woman', NULL),
(1279, 'OXKaPBZu', '07unJTDM', NULL, 'fcruw', NULL, NULL, 37, 'Man seeking Woman', NULL),
(1280, 'CrEIlVGy', 'g3SWBps2', NULL, 'pjofu', NULL, NULL, 65, 'Woman seeking Man', NULL),
(1281, 'oRuvIC8Q', '12LbHpgQ', NULL, 'xebgw', NULL, NULL, 68, 'Woman seeking Man', NULL),
(1282, 'n7Jb2jLp', 'eZG71aio', NULL, 'jwvla', NULL, NULL, 45, 'Woman seeking Woman', NULL),
(1283, 'E8HiABhD', 'RjzgFcDr', NULL, 'njtcf', NULL, NULL, 52, 'Man seeking Woman', NULL),
(1284, 'KAFNsefi', 'Zbw2lgED', NULL, 'hnvoj', NULL, NULL, 46, 'Man seeking Man', NULL),
(1285, 'rYKhouQw', '4s1SOAaj', NULL, 'bxjcf', NULL, NULL, 97, 'Man seeking Woman', NULL),
(1286, '3KurzxX0', 'SJhcpIiF', NULL, 'gkxte', NULL, NULL, 24, 'Man seeking Man', NULL),
(1287, 'G34DClUA', 'kZ7UaGl5', NULL, 'swyba', NULL, NULL, 82, 'Man seeking Woman', NULL),
(1288, 'Vjon25yM', '4OsmjXhN', NULL, 'ojizd', NULL, NULL, 24, 'Woman seeking Man', NULL),
(1289, 'EGzA7LYf', 'we8pir0y', NULL, 'ipcgj', NULL, NULL, 35, 'Woman seeking Man', NULL),
(1290, 'gjZxYKH8', 'e6ixp4Yw', NULL, 'gjsby', NULL, NULL, 54, 'Woman seeking Woman', NULL),
(1291, 'sLkCrw4a', 'GvFbueNY', NULL, 'lhrtw', NULL, NULL, 28, 'Man seeking Man', NULL),
(1292, 'e9uHhWJL', 'Ih9XDVxU', NULL, 'mnxhb', NULL, NULL, 96, 'Man seeking Woman', NULL),
(1293, 'Duyh4XEf', 'JdODa23o', NULL, 'wozmt', NULL, NULL, 72, 'Man seeking Man', NULL),
(1294, 'HwI35QJx', '6ovzafJy', NULL, 'kupzh', NULL, NULL, 53, 'Woman seeking Man', NULL),
(1295, 'kwHabodY', 'KaToPzw2', NULL, 'zahkg', NULL, NULL, 78, 'Man seeking Man', NULL),
(1296, '1xNstPCE', 'i0SuvP1j', NULL, 'wgsaf', NULL, NULL, 45, 'Woman seeking Woman', NULL),
(1297, 'xWC0dVSm', 'yFpYJT6c', NULL, 'xrwzq', NULL, NULL, 75, 'Man seeking Woman', NULL),
(1298, 'Of5xqXpi', 'K05YdbvQ', NULL, 'dinqg', NULL, NULL, 35, 'Man seeking Woman', NULL),
(1299, 'mM2EDwZo', 'nxLYpPW9', NULL, 'xljes', NULL, NULL, 95, 'Man seeking Woman', NULL),
(1300, '0v5qILi2', 'hv6p4xOM', NULL, 'dyhtb', NULL, NULL, 34, 'Woman seeking Woman', NULL),
(1301, 'n1RKrBlh', 'riNTP8fj', NULL, 'jhqla', NULL, NULL, 24, 'Woman seeking Woman', NULL),
(1302, 'QHv6oiUq', 'qUeGnsuz', NULL, 'eonwm', NULL, NULL, 28, 'Man seeking Man', NULL),
(1303, 'FQrCEuzp', 'ORtWfzqT', NULL, 'ifvtm', NULL, NULL, 82, 'Woman seeking Man', NULL),
(1304, 'SPw5QtYA', 'BU7m93cu', NULL, 'nizac', NULL, NULL, 29, 'Man seeking Man', NULL),
(1305, 'Fj2tHVBd', 'aQkOmIcy', NULL, 'fhype', NULL, NULL, 54, 'Woman seeking Man', NULL),
(1306, '9RePTcyd', 'wgWaxIHA', NULL, 'vgxpk', NULL, NULL, 58, 'Woman seeking Man', NULL),
(1307, 'r7vBOdwp', 'PWx5sNiA', NULL, 'xcwbn', NULL, NULL, 52, 'Man seeking Man', NULL),
(1308, '1Qdu6X8N', 'IAh9Fblq', NULL, 'jmktw', NULL, NULL, 39, 'Man seeking Man', NULL),
(1309, 'Y9tkZoPK', 'OuDdY51b', NULL, 'jupxr', NULL, NULL, 94, 'Man seeking Woman', NULL),
(1310, 'UXPYWy47', 'EeGSryRu', NULL, 'vjngs', NULL, NULL, 43, 'Man seeking Man', NULL),
(1311, 'MXcWvlFS', 'VINE14Qw', NULL, 'nwkui', NULL, NULL, 39, 'Woman seeking Man', NULL),
(1312, 'SdleNRIT', 'kXoUVlYF', NULL, 'wnlsa', NULL, NULL, 97, 'Woman seeking Woman', NULL),
(1313, 'LTUtDN8e', 'kEQ3NVXq', NULL, 'igvbt', NULL, NULL, 74, 'Man seeking Woman', NULL),
(1314, 'K6d75U0a', '9su7SIky', NULL, 'zvuha', NULL, NULL, 87, 'Man seeking Man', NULL),
(1315, 'pmaGjM3T', 'eRiLtNsP', NULL, 'glyfr', NULL, NULL, 73, 'Woman seeking Woman', NULL),
(1316, 'gt9G7i1s', 'tqn1AgSp', NULL, 'ejmbh', NULL, NULL, 76, 'Woman seeking Woman', NULL),
(1317, 'y2mzQVhJ', 'SNKAxWGY', NULL, 'oqxdw', NULL, NULL, 96, 'Woman seeking Man', NULL),
(1318, '4XzQjxCF', '4UN53vgP', NULL, 'hqwek', NULL, NULL, 45, 'Woman seeking Woman', NULL),
(1319, 'NMKDtrhT', 'rzlhyYRd', NULL, 'wvbrk', NULL, NULL, 74, 'Man seeking Man', NULL),
(1320, 'PX2VW7Nt', '3ZlWG0tT', NULL, 'mfwhn', NULL, NULL, 78, 'Man seeking Woman', NULL),
(1321, 'oXzHQCs9', 'wIm4fahV', NULL, 'pqygt', NULL, NULL, 87, 'Man seeking Woman', NULL),
(1322, 'Q7ANXyZR', 'IbldSC5j', NULL, 'kogpf', NULL, NULL, 94, 'Man seeking Man', NULL),
(1323, 'VAa16DLS', 'uRQAK2kb', NULL, 'pjkex', NULL, NULL, 27, 'Woman seeking Man', NULL),
(1325, 'BJVZ1kFn', 'Kfmvc34A', NULL, 'sknhl', NULL, NULL, 65, 'Woman seeking Woman', NULL),
(1326, 'excQfJjs', 'c7x0D1TY', NULL, 'fdulk', NULL, NULL, 94, 'Man seeking Woman', NULL),
(1327, 'P50krSXJ', 'vRzbTxKo', NULL, 'cfiwq', NULL, NULL, 96, 'Man seeking Woman', NULL),
(1328, 'K1Eg2oQ8', 'wtqPm4GL', NULL, 'qomhg', NULL, NULL, 76, 'Man seeking Man', NULL),
(1329, 'PvMgZyfR', 'D9knX3bO', NULL, 'noecj', NULL, NULL, 53, 'Man seeking Woman', NULL),
(1330, 'NDGkB2LP', 'WI5DneAv', NULL, 'hsdqg', NULL, NULL, 38, 'Woman seeking Man', NULL),
(1331, 'buWosLlG', 'eXHWENM8', NULL, 'ryonp', NULL, NULL, 83, 'Woman seeking Man', NULL),
(1332, 'uAleZD97', 'XSkqv3Bs', NULL, 'gcwde', NULL, NULL, 35, 'Man seeking Man', NULL),
(1333, 'BPK7LGWq', '7S5bZEDc', NULL, 'lqsvm', NULL, NULL, 26, 'Man seeking Man', NULL),
(1334, 'qkMNwVpZ', 'DbOVXpQv', NULL, 'ibzyn', NULL, NULL, 82, 'Woman seeking Woman', NULL),
(1335, 'vuOHlfRJ', '0pvj75bf', NULL, 'umrli', NULL, NULL, 74, 'Man seeking Woman', NULL),
(1336, '9lPCgUQ6', 'hTeEbdRV', NULL, 'bsjvz', NULL, NULL, 62, 'Woman seeking Woman', NULL),
(1337, 'iRNuH9od', 'zws8Q1kS', NULL, 'ujotx', NULL, NULL, 37, 'Man seeking Man', NULL),
(1338, 'S09V32l1', 'gHGboKCM', NULL, 'hjxru', NULL, NULL, 84, 'Man seeking Woman', NULL),
(1339, 'EySOv4K8', 'FHK0f67T', NULL, 'rxicp', NULL, NULL, 26, 'Man seeking Man', NULL),
(1340, 'YRAv0Mtp', 'jUr6lD1B', NULL, 'lbweu', NULL, NULL, 82, 'Woman seeking Man', NULL),
(1341, 'QlzVOsZt', 'b8ZeEXD1', NULL, 'priha', NULL, NULL, 79, 'Woman seeking Man', NULL),
(1342, 'eXEscCIg', '9lR1BimO', NULL, 'yrcam', NULL, NULL, 69, 'Man seeking Man', NULL),
(1343, 'LOm8SqFW', 'GrO1tW65', NULL, 'kesrx', NULL, NULL, 96, 'Woman seeking Woman', NULL),
(1344, '4LBo6Eqd', 'hFOZ43KW', NULL, 'pmzbj', NULL, NULL, 54, 'Woman seeking Man', NULL),
(1345, 'f5ugdMa1', 'N14PQklt', NULL, 'cnlxs', NULL, NULL, 36, 'Man seeking Woman', NULL),
(1346, 'Q42Ode7b', 'vujUlxWs', NULL, 'hvrgo', NULL, NULL, 63, 'Woman seeking Woman', NULL),
(1347, '8KYnwJI7', 'DwbQExaj', NULL, 'xrhgj', NULL, NULL, 89, 'Woman seeking Woman', NULL),
(1348, 'vZ6Df5PQ', '52PGQd6r', NULL, 'bkxud', NULL, NULL, 52, 'Woman seeking Woman', NULL),
(1349, 'oCpdLrmz', 'YwOM7NfV', NULL, 'umqld', NULL, NULL, 59, 'Woman seeking Man', NULL),
(1350, 'GC02Hjht', 'LcdRw1oE', NULL, 'mnspx', NULL, NULL, 64, 'Man seeking Woman', NULL),
(1351, 'UyX1JgfY', '2miN8U61', NULL, 'wudvp', NULL, NULL, 79, 'Woman seeking Woman', NULL),
(1352, 'xukUdNZ1', 'WxHY71Fz', NULL, 'xamur', NULL, NULL, 78, 'Woman seeking Woman', NULL),
(1353, 'iJo1Rw7B', 'TW4BK6F1', NULL, 'legwj', NULL, NULL, 26, 'Man seeking Man', NULL),
(1354, 'baKWh0ur', 'DcTmlJ9S', NULL, 'xudgz', NULL, NULL, 39, 'Man seeking Woman', NULL),
(1355, 'TK3VPnci', '2z9UQaRS', NULL, 'dkhpa', NULL, NULL, 36, 'Man seeking Man', NULL),
(1356, 'HlugaMEI', 'qFDYGLyh', NULL, 'ukhsj', NULL, NULL, 35, 'Woman seeking Woman', NULL),
(1357, 'qWrvG7EQ', '1ZSE0Tmf', NULL, 'xinlt', NULL, NULL, 27, 'Woman seeking Man', NULL),
(1358, 'EdXzrq43', 'ZG3jDmK0', NULL, 'ndgmw', NULL, NULL, 67, 'Woman seeking Woman', NULL),
(1359, 't1UPTLR7', 'QNpcOhWm', NULL, 'jkomt', NULL, NULL, 42, 'Man seeking Man', NULL),
(1360, 'nM6TR3Pe', '8TqOfjGh', NULL, 'yqnjz', NULL, NULL, 23, 'Woman seeking Man', NULL),
(1361, 'aNGFc1De', 'PQdaup5b', NULL, 'axzge', NULL, NULL, 72, 'Woman seeking Woman', NULL),
(1362, 'lbV4L2JA', 'feMacq4B', NULL, 'nyjhp', NULL, NULL, 42, 'Man seeking Man', NULL),
(1363, 'GNMJaHEk', '3lkNnWCS', NULL, 'lzrhb', NULL, NULL, 76, 'Man seeking Woman', NULL),
(1364, 'MQvUZ2kc', 'tvZTqaXr', NULL, 'qaypc', NULL, NULL, 97, 'Woman seeking Woman', NULL),
(1365, 'rJVQIOMB', 'Bp38Wmcv', NULL, 'kxjmz', NULL, NULL, 46, 'Man seeking Man', NULL),
(1366, 'UBhL2vFP', 'g0yrRd84', NULL, 'pxbzg', NULL, NULL, 89, 'Man seeking Woman', NULL),
(1367, 'QoulWVEb', 'cxuZtY2p', NULL, 'hpzru', NULL, NULL, 79, 'Man seeking Woman', NULL),
(1368, 'QOq3ncYp', 'RyvH635O', NULL, 'qfwzv', NULL, NULL, 47, 'Woman seeking Woman', NULL),
(1369, 'o14Mj9vB', 'W2KqZYM3', NULL, 'mkpni', NULL, NULL, 68, 'Man seeking Man', NULL),
(1370, 'n6fyrihS', 'GwP6hk1l', NULL, 'sbevm', NULL, NULL, 58, 'Man seeking Man', NULL),
(1371, 'vIpf5OHl', 'FyQIVgt2', NULL, 'gheyn', NULL, NULL, 29, 'Woman seeking Woman', NULL),
(1372, 'pv2gIsZE', 'rS9CBWG1', NULL, 'mkefl', NULL, NULL, 63, 'Man seeking Man', NULL),
(1373, 'xaG8cqbK', 'bPtrElzY', NULL, 'exbcp', NULL, NULL, 32, 'Woman seeking Man', NULL),
(1374, 'qfgMmHLz', 'pnquVMoO', NULL, 'xpzad', NULL, NULL, 86, 'Woman seeking Man', NULL),
(1375, 'Tr7wZ1vJ', 'LQMkt2Fw', NULL, 'fumyw', NULL, NULL, 46, 'Woman seeking Woman', NULL),
(1376, 'QO6dn3lP', 'lt79wYBi', NULL, 'latze', NULL, NULL, 23, 'Man seeking Woman', NULL),
(1377, 'iugIeaNR', 'I9qLVeuv', NULL, 'tdvrp', NULL, NULL, 68, 'Man seeking Woman', NULL),
(1378, 'gjnzWq0B', '8cOwYtDh', NULL, 'qzpan', NULL, NULL, 82, 'Man seeking Woman', NULL),
(1379, 'YiXmNH2h', 'fdVUSF49', NULL, 'etsza', NULL, NULL, 34, 'Man seeking Man', NULL),
(1380, 'M0YqD8Cz', '5dric4OS', NULL, 'oylgb', NULL, NULL, 65, 'Man seeking Woman', NULL),
(1381, 'CFrUOykD', 'CJzPjG7I', NULL, 'aqxyl', NULL, NULL, 75, 'Man seeking Man', NULL),
(1382, 'eW6sMhAV', 'VfnN3Z7L', NULL, 'pgwuy', NULL, NULL, 24, 'Woman seeking Woman', NULL),
(1383, 'eisTY9kW', '1zPKNBxM', NULL, 'dmvxh', NULL, NULL, 86, 'Woman seeking Man', NULL),
(1384, 'yw0S6XZs', 'JLztcZsf', NULL, 'zupft', NULL, NULL, 57, 'Man seeking Man', NULL),
(1385, 'efWKI107', 'F8UwYaiR', NULL, 'gfeyv', NULL, NULL, 54, 'Man seeking Man', NULL),
(1386, '3alMUtej', 'tboUgHqh', NULL, 'qkhwo', NULL, NULL, 85, 'Woman seeking Woman', NULL),
(1387, 'l4N9eu87', 'Z8VHuetj', NULL, 'exlrt', NULL, NULL, 56, 'Man seeking Man', NULL),
(1388, 'RCLuafzx', '3xs0qBpM', NULL, 'eqifc', NULL, NULL, 83, 'Man seeking Man', NULL),
(1389, 'ZDgM936a', 'x5leX2gL', NULL, 'irxkj', NULL, NULL, 39, 'Man seeking Man', NULL),
(1390, 'XkDMSAVB', 'fwqAT7R4', NULL, 'rnszo', NULL, NULL, 38, 'Man seeking Woman', NULL),
(1391, '2nZbs476', 'Y3ilUJ6H', NULL, 'vmbjw', NULL, NULL, 26, 'Woman seeking Man', NULL),
(1392, '0F3hGvDT', 'IgOzvljG', NULL, 'otekh', NULL, NULL, 47, 'Woman seeking Woman', NULL),
(1393, 'cCTIF8ZA', 'G7u8qbTg', NULL, 'craxe', NULL, NULL, 96, 'Man seeking Man', NULL),
(1394, '7wjV8KE3', 'vmuaRqVH', NULL, 'qarvw', NULL, NULL, 39, 'Woman seeking Woman', NULL),
(1395, 'ncjQGVE3', 'gSJ80A9n', NULL, 'vbfuk', NULL, NULL, 34, 'Man seeking Woman', NULL),
(1396, 'Q0F6wieu', 'Tg45Op0u', NULL, 'gwxnz', NULL, NULL, 62, 'Man seeking Woman', NULL),
(1397, 'adHzLVAj', 'v2XcKyjF', NULL, 'cxpyk', NULL, NULL, 26, 'Man seeking Woman', NULL),
(1398, '8wxGObtF', 'eljs6Y4g', NULL, 'navmb', NULL, NULL, 98, 'Man seeking Man', NULL),
(1399, 'kA2OX3B1', 'TH5lBdX2', NULL, 'owfpi', NULL, NULL, 68, 'Woman seeking Woman', NULL),
(1400, 'boGm0OuY', '5VNe70fR', NULL, 'foviz', NULL, NULL, 94, 'Woman seeking Woman', NULL),
(1401, 'qdkNQ9H0', 'BsaTpnJ2', NULL, 'grzyw', NULL, NULL, 25, 'Man seeking Woman', NULL),
(1402, 'GADVrQiy', 'MSgO3XDz', NULL, 'fchat', NULL, NULL, 37, 'Woman seeking Man', NULL),
(1403, 'v69IYVwH', 'gHIjYF86', NULL, 'hnuka', NULL, NULL, 24, 'Man seeking Man', NULL),
(1404, 'B2Hdp9OI', 'UNrk7ESw', NULL, 'vohus', NULL, NULL, 96, 'Man seeking Woman', NULL),
(1405, 'FZKDqfe3', 'k3Xptobj', NULL, 'yerlo', NULL, NULL, 87, 'Man seeking Woman', NULL),
(1406, 'r4y7GDs6', 'HtGAWhZR', NULL, 'dowxs', NULL, NULL, 62, 'Man seeking Woman', NULL),
(1407, 'enbmuRAO', 'QK2SbXus', NULL, 'zncvp', NULL, NULL, 54, 'Man seeking Woman', NULL),
(1408, 'QZvEy2fo', 'iPgTedos', NULL, 'uzcqr', NULL, NULL, 37, 'Woman seeking Man', NULL),
(1409, 'xSiNch7J', 'Zwf08AS5', NULL, 'ivunk', NULL, NULL, 76, 'Man seeking Man', NULL),
(1410, 'Rf83SuM9', 'DYSshnfq', NULL, 'qfdgp', NULL, NULL, 92, 'Man seeking Woman', NULL),
(1411, 'gv9hYBHs', 'URFzisJ3', NULL, 'wtqpi', NULL, NULL, 43, 'Woman seeking Man', NULL),
(1412, 'cAEF7O1X', 'rjzuGo0I', NULL, 'xnhgd', NULL, NULL, 82, 'Man seeking Woman', NULL),
(1413, 'ILaOJY87', 'ts9kO5rU', NULL, 'pdetw', NULL, NULL, 78, 'Woman seeking Woman', NULL),
(1414, 'aQwfpy4q', 'cq7tDyPp', NULL, 'rcfyt', NULL, NULL, 86, 'Woman seeking Woman', NULL),
(1415, 'rzOYhnR4', 'Bulm8OWd', NULL, 'ylonc', NULL, NULL, 76, 'Man seeking Woman', NULL),
(1416, 'dCYSKpAu', 'esrNdBHA', NULL, 'dswot', NULL, NULL, 72, 'Man seeking Man', NULL),
(1417, 'Y9S30wIG', 'gvypl6Mf', NULL, 'wjyku', NULL, NULL, 75, 'Woman seeking Woman', NULL),
(1418, 'bNBot58w', '9bQInm1f', NULL, 'yukso', NULL, NULL, 48, 'Man seeking Woman', NULL),
(1419, 'RE6WFuZL', '3bcZEwJx', NULL, 'vdtjf', NULL, NULL, 38, 'Woman seeking Woman', NULL),
(1420, 'wDq5p7UA', 'QomvnxHK', NULL, 'tnyjb', NULL, NULL, 54, 'Woman seeking Man', NULL),
(1421, 'feyp4FWB', 'i4mCtuYL', NULL, 'igvys', NULL, NULL, 63, 'Woman seeking Man', NULL),
(1422, 'StgrKBzq', '7fC5J0Wm', NULL, 'yjrdm', NULL, NULL, 24, 'Woman seeking Man', NULL),
(1423, 'hOMf0Z2c', 'qcNQ0hS3', NULL, 'slgkh', NULL, NULL, 69, 'Man seeking Woman', NULL),
(1424, 'N0x7qTSC', 'Whmv6tof', NULL, 'xfwtg', NULL, NULL, 78, 'Man seeking Woman', NULL),
(1425, 'ufJ9Ggoe', 'tKBuIoYf', NULL, 'dlpuv', NULL, NULL, 84, 'Man seeking Man', NULL),
(1426, 'tVDmS2Ao', 'aLopfsHc', NULL, 'npsqc', NULL, NULL, 32, 'Woman seeking Man', NULL),
(1427, 'l0gHi3pP', 'B4gI69hf', NULL, 'ipyhz', NULL, NULL, 68, 'Woman seeking Woman', NULL),
(1428, 'GcKVhYaC', 'bNCn98jx', NULL, 'fkemp', NULL, NULL, 38, 'Woman seeking Woman', NULL),
(1429, '4GpmsaMd', 'SZ5uYodp', NULL, 'qczto', NULL, NULL, 39, 'Man seeking Man', NULL),
(1430, 'nzJLryfZ', '6WwJqUnX', NULL, 'tbocv', NULL, NULL, 94, 'Man seeking Man', NULL),
(1431, 'XaSAeUlR', 'Zg20Gw37', NULL, 'tuqrj', NULL, NULL, 35, 'Woman seeking Man', NULL),
(1432, 'TMckxrws', 'OlMg0iev', NULL, 'aikoq', NULL, NULL, 74, 'Man seeking Woman', NULL),
(1433, 'uPcU5edX', 'Af4r0xp6', NULL, 'ohkzx', NULL, NULL, 38, 'Woman seeking Woman', NULL),
(1434, '0OGcm7wI', 'ayMAP4Fh', NULL, 'bsxhn', NULL, NULL, 85, 'Woman seeking Man', NULL),
(1435, 'RFadY9bL', 'HIBiWy74', NULL, 'fxoik', NULL, NULL, 39, 'Woman seeking Woman', NULL),
(1436, 'Eh7iBVcb', 'qfbHmcXZ', NULL, 'snapt', NULL, NULL, 59, 'Woman seeking Woman', NULL),
(1437, 'UluPbas2', 'UqSZXikV', NULL, 'myzxr', NULL, NULL, 98, 'Woman seeking Man', NULL),
(1438, 'nFIG4Jm9', 'lB9GdoNa', NULL, 'dniba', NULL, NULL, 74, 'Man seeking Man', NULL),
(1439, 'HqxkowEI', 'cbxhdyHS', NULL, 'nmlbz', NULL, NULL, 38, 'Man seeking Man', NULL),
(1440, 'lu7jHISb', 'f3D1HNvt', NULL, 'uzdrv', NULL, NULL, 49, 'Man seeking Woman', NULL),
(1441, 'WFPjNUv0', 'Y4OewLqZ', NULL, 'bngdx', NULL, NULL, 75, 'Man seeking Woman', NULL),
(1442, 'roh3jWAI', 'zkanE9i1', NULL, 'dtkfl', NULL, NULL, 75, 'Man seeking Woman', NULL),
(1443, 'EWtcRTlx', 'hXFMnA0R', NULL, 'evitq', NULL, NULL, 59, 'Woman seeking Woman', NULL),
(1444, 'QjtNum1Y', 'irNjsbfW', NULL, 'ugwaj', NULL, NULL, 42, 'Man seeking Woman', NULL),
(1445, 'yo9q63JQ', 'sIeOlVqy', NULL, 'fngqc', NULL, NULL, 56, 'Woman seeking Man', NULL),
(1446, 'fTGjqZ1n', 'cEZMVLvG', NULL, 'tdxyr', NULL, NULL, 32, 'Woman seeking Woman', NULL),
(1447, '56BwGsPO', 'bqFlaP3n', NULL, 'iqaft', NULL, NULL, 25, 'Woman seeking Woman', NULL),
(1448, 'ZlYeUnSO', 'wcBxuP6Z', NULL, 'wesjm', NULL, NULL, 98, 'Woman seeking Man', NULL),
(1449, 'Q3kM4wrJ', '2A7Buxd6', NULL, 'xyvwq', NULL, NULL, 57, 'Man seeking Woman', NULL),
(1450, '94LbpDeE', 'iDM3xVGm', NULL, 'nbmzo', NULL, NULL, 45, 'Man seeking Man', NULL),
(1451, '7fi9Log0', 'OhHpA1jv', NULL, 'xpgwa', NULL, NULL, 58, 'Woman seeking Woman', NULL),
(1452, 'gND6cl5I', 'LrDMJ7nW', NULL, 'ifkja', NULL, NULL, 72, 'Woman seeking Man', NULL),
(1453, '3bu0R5Cj', 'h8mK3apU', NULL, 'mubwt', NULL, NULL, 32, 'Man seeking Man', NULL),
(1454, 'NO8KJBlj', '1GBobRmS', NULL, 'ifhos', NULL, NULL, 24, 'Man seeking Man', NULL),
(1455, 'xr4ngpiG', 'OaNVDyf8', NULL, 'efzlu', NULL, NULL, 79, 'Woman seeking Woman', NULL),
(1456, '67dGJmhg', 'NXC2iB96', NULL, 'dikfw', NULL, NULL, 54, 'Man seeking Man', NULL),
(1457, '6IG14hP9', '4uLFTkA1', NULL, 'sflcm', NULL, NULL, 72, 'Man seeking Woman', NULL),
(1458, 'wYCxQc3V', 'glIb2NkX', NULL, 'scrmh', NULL, NULL, 85, 'Woman seeking Man', NULL),
(1459, 'b036782F', '2uyphwak', NULL, 'rilke', NULL, NULL, 34, 'Man seeking Man', NULL),
(1460, '1Vgl295e', 'Z8Hrxz1s', NULL, 'klmxc', NULL, NULL, 59, 'Woman seeking Man', NULL),
(1461, 'ecP1pRsC', 'B5o3ykMm', NULL, 'hrvky', NULL, NULL, 62, 'Man seeking Man', NULL),
(1462, 'wUxnHjf8', 'BREMo2b8', NULL, 'kqyhi', NULL, NULL, 42, 'Man seeking Man', NULL),
(1463, '8Nh59srl', 'iXJ3KWem', NULL, 'vzmqg', NULL, NULL, 84, 'Man seeking Man', NULL),
(1464, 'Tiz5wMxW', 'tX8juf5T', NULL, 'priay', NULL, NULL, 69, 'Woman seeking Man', NULL),
(1465, 'RSJ9gF5k', 'FmYL3MDp', NULL, 'ixqfv', NULL, NULL, 49, 'Woman seeking Man', NULL),
(1466, 'PwY8oHMn', 'L4DlWh2T', NULL, 'lqsgz', NULL, NULL, 28, 'Man seeking Woman', NULL),
(1467, 'nWgqykXL', 'SHhd3Xzx', NULL, 'tyniz', NULL, NULL, 45, 'Man seeking Man', NULL),
(1468, 'fl9b0gzP', 'GjUdlCWv', NULL, 'npvol', NULL, NULL, 92, 'Man seeking Man', NULL),
(1469, 'nFAiWNvd', 'lnpLMKZi', NULL, 'odcsj', NULL, NULL, 76, 'Man seeking Woman', NULL),
(1470, '5Vq2QYa7', '1YbxEtiK', NULL, 'usajp', NULL, NULL, 94, 'Woman seeking Man', NULL),
(1471, 'ZuadnPrD', '9ANRqh7a', NULL, 'eyzdk', NULL, NULL, 95, 'Man seeking Woman', NULL),
(1472, 'pCyH1mYz', 'bEwoUf0N', NULL, 'sbgie', NULL, NULL, 23, 'Woman seeking Man', NULL),
(1473, 'nMFo4hCv', 'NjEJ3ftC', NULL, 'xyhko', NULL, NULL, 95, 'Woman seeking Woman', NULL),
(1474, '7oX0Uab5', 'saTDtQnH', NULL, 'riawc', NULL, NULL, 56, 'Woman seeking Man', NULL),
(1475, 'BxQuWqsj', 'XcVr69PR', NULL, 'uyibr', NULL, NULL, 29, 'Man seeking Man', NULL),
(1476, 'y8YUXQM6', 'xevKlG02', NULL, 'fvxrp', NULL, NULL, 35, 'Woman seeking Woman', NULL),
(1477, 'HNc9sgSQ', 'G1AWkbU6', NULL, 'hkvia', NULL, NULL, 32, 'Man seeking Woman', NULL),
(1478, 'j9yRSUJa', 'wuUm7Mex', NULL, 'aistz', NULL, NULL, 35, 'Man seeking Man', NULL),
(1479, 'mnokRf4S', 'NTreWHSR', NULL, 'kefsc', NULL, NULL, 98, 'Woman seeking Man', NULL),
(1480, 'XEdK7olr', 'YR8d1BCf', NULL, 'jalqw', NULL, NULL, 36, 'Man seeking Man', NULL),
(1481, 'zAgGcIHN', 'VC0SlZFz', NULL, 'tbgqc', NULL, NULL, 28, 'Woman seeking Woman', NULL),
(1482, 'Magt2iP1', '1xfQaJCZ', NULL, 'wtspo', NULL, NULL, 75, 'Man seeking Man', NULL),
(1483, 'bCkhgpTo', '1hPLr3y5', NULL, 'fnkjg', NULL, NULL, 78, 'Man seeking Man', NULL),
(1484, 'kFc7eibN', '7kmS1vBV', NULL, 'bhaeq', NULL, NULL, 49, 'Man seeking Man', NULL),
(1485, 'KDeb9qBw', 'PUdNKVbY', NULL, 'tzhwf', NULL, NULL, 54, 'Woman seeking Man', NULL),
(1486, 'Qf1aHkbB', 'EAYSm6xJ', NULL, 'kfise', NULL, NULL, 74, 'Woman seeking Man', NULL),
(1487, 'MCVUPEW1', 'CtfxlTNZ', NULL, 'zaqpj', NULL, NULL, 78, 'Woman seeking Woman', NULL),
(1488, 'l5vW4FrX', 'Ixdp19Zw', NULL, 'xdolt', NULL, NULL, 65, 'Woman seeking Woman', NULL),
(1489, 'qzG61ryN', 'HMAtCyxB', NULL, 'jyrxi', NULL, NULL, 92, 'Man seeking Woman', NULL),
(1490, '2aFs5ivk', 'IoarELhk', NULL, 'rxvko', NULL, NULL, 35, 'Woman seeking Woman', NULL),
(1491, 'SrRbNlCq', 'xDyHuZzf', NULL, 'sbwrp', NULL, NULL, 59, 'Woman seeking Man', NULL),
(1492, 'cARDjgXJ', 'BUbWjTEv', NULL, 'alcif', NULL, NULL, 64, 'Man seeking Woman', NULL),
(1493, 'jn6XUAdl', '8C2LegZ9', NULL, 'mhkyx', NULL, NULL, 84, 'Woman seeking Woman', NULL),
(1494, 'FUhi1y2B', '4HNDEfqt', NULL, 'owgfn', NULL, NULL, 65, 'Man seeking Man', NULL),
(1495, 'gKXrzQD5', 'Z2Hw7gJm', NULL, 'rfbdk', NULL, NULL, 43, 'Woman seeking Man', NULL),
(1496, 'gHqKQ1wh', '2ZSqQ1Pd', NULL, 'tnjcf', NULL, NULL, 42, 'Man seeking Woman', NULL),
(1497, 'J3xraCEv', 'P7cCrRf4', NULL, 'cdnok', NULL, NULL, 76, 'Man seeking Man', NULL),
(1498, 'yWX46m1j', 'SYiobe6l', NULL, 'huptv', NULL, NULL, 97, 'Man seeking Woman', NULL),
(1499, 'IXUsdNki', 'CB6Fo8dp', NULL, 'akzsp', NULL, NULL, 73, 'Woman seeking Man', NULL),
(1500, '2ahE6xTk', 'EZe1GqOV', NULL, 'pxfmh', NULL, NULL, 96, 'Man seeking Woman', NULL),
(1501, 'vyiJR2xH', 'X4c2095t', NULL, 'buwmd', NULL, NULL, 96, 'Woman seeking Man', NULL),
(1502, 'jTFAv50H', '4M3hxzL0', NULL, 'kmdos', NULL, NULL, 98, 'Woman seeking Woman', NULL),
(1503, '51xa2boi', 'DxKI5cnV', NULL, 'hrmsa', NULL, NULL, 69, 'Man seeking Woman', NULL),
(1504, 'rfa9uRi0', '0IawbLlv', NULL, 'hievl', NULL, NULL, 42, 'Woman seeking Man', NULL),
(1505, '1t6dq5BI', 'GIuPQaxY', NULL, 'ugoqb', NULL, NULL, 67, 'Woman seeking Woman', NULL),
(1506, 'BAXrwStK', 'Wiebv1Ay', NULL, 'jpvow', NULL, NULL, 56, 'Woman seeking Man', NULL),
(1507, 'MD4nS6L9', 'JTy9AWgv', NULL, 'ygdwl', NULL, NULL, 56, 'Man seeking Man', NULL),
(1508, 's742Pway', 'S7rX8xgy', NULL, 'zelsk', NULL, NULL, 29, 'Man seeking Man', NULL),
(1509, 'M5wU9THa', 'OasmF1yG', NULL, 'ivswo', NULL, NULL, 52, 'Man seeking Man', NULL),
(1510, 'SF4mE8Xa', 'GpIOaZKj', NULL, 'kjzau', NULL, NULL, 83, 'Woman seeking Woman', NULL),
(1511, 'cyqpfLmK', 'RbUynlhP', NULL, 'psalq', NULL, NULL, 74, 'Man seeking Man', NULL),
(1512, 'sY4PZKQL', 'zNoVAlXc', NULL, 'mfwul', NULL, NULL, 53, 'Woman seeking Man', NULL),
(1513, 'XTuPLS5V', '3d7KJefB', NULL, 'ievcq', NULL, NULL, 24, 'Man seeking Woman', NULL),
(1514, '5dPyzqY9', 'l7mL86qi', NULL, 'frkos', NULL, NULL, 82, 'Woman seeking Woman', NULL),
(1515, 'hIeqkyws', 'v5MVaJoj', NULL, 'nmpzw', NULL, NULL, 73, 'Woman seeking Woman', NULL),
(1516, 'c0ClYOsI', 'MCd7Du63', NULL, 'awdcb', NULL, NULL, 53, 'Man seeking Man', NULL),
(1517, 'hZtuPWSx', 'jtWTG38o', NULL, 'jhfet', NULL, NULL, 59, 'Man seeking Man', NULL),
(1518, 'BpvN8Fnm', 'HWwpFm1X', NULL, 'izrwg', NULL, NULL, 62, 'Woman seeking Man', NULL),
(1519, 'qapDWrsK', 'Bwu852Vv', NULL, 'nbwmk', NULL, NULL, 87, 'Woman seeking Man', NULL),
(1520, 'Dqmvi1RA', 'FKxLpqr8', NULL, 'rmqjy', NULL, NULL, 85, 'Man seeking Man', NULL),
(1521, 'qWd81xgT', 'zZlE7MQm', NULL, 'lfbpw', NULL, NULL, 73, 'Man seeking Man', NULL),
(1522, 'wYQ4Mvjh', 'DiSBohZY', NULL, 'xmyar', NULL, NULL, 82, 'Man seeking Man', NULL),
(1523, '9xgvCGU0', 'bnLm9uoA', NULL, 'nocxu', NULL, NULL, 93, 'Man seeking Woman', NULL),
(1524, 'FU5J8kej', '1BdltnzF', NULL, 'zpqwo', NULL, NULL, 67, 'Man seeking Woman', NULL),
(1525, 'Fd4Ns876', '6DlqBueK', NULL, 'amgwo', NULL, NULL, 92, 'Man seeking Woman', NULL),
(1526, 'pHoerON4', 'ZBFpQ89L', NULL, 'nemdv', NULL, NULL, 24, 'Woman seeking Man', NULL),
(1527, '917iYOWa', 'KzrPsom6', NULL, 'qykmt', NULL, NULL, 86, 'Woman seeking Woman', NULL),
(1528, 'E2IjWBkT', 'qc0ixLQ8', NULL, 'azcfs', NULL, NULL, 35, 'Man seeking Woman', NULL),
(1529, 'tc96H7Sv', 'f1TNU0SJ', NULL, 'txsby', NULL, NULL, 89, 'Man seeking Man', NULL),
(1530, '5dVSThJC', 'ZAdx8ejI', NULL, 'hmold', NULL, NULL, 79, 'Man seeking Woman', NULL),
(1531, 'wQPTnCNJ', 'J0wMiorH', NULL, 'khout', NULL, NULL, 87, 'Woman seeking Woman', NULL),
(1532, 'cKivoy2I', 'uwqWR6Fo', NULL, 'mapiu', NULL, NULL, 95, 'Man seeking Man', NULL),
(1533, 'WPbIBHoF', 'P2b19OMc', NULL, 'dpqfg', NULL, NULL, 64, 'Man seeking Woman', NULL),
(1534, 'oEM2bPjH', '9uUT6brD', NULL, 'rmyqx', NULL, NULL, 63, 'Man seeking Woman', NULL),
(1535, 'HhxquXVB', 'R80sg14h', NULL, 'cznuv', NULL, NULL, 58, 'Woman seeking Woman', NULL),
(1536, 'WYJjn42l', 'lKsT6ZBv', NULL, 'baeui', NULL, NULL, 87, 'Man seeking Man', NULL),
(1537, 'l3xaiZL8', 'yjTnFk95', NULL, 'xbton', NULL, NULL, 94, 'Woman seeking Man', NULL),
(1538, 'uVZDLWkT', 'G3AELUTW', NULL, 'plfov', NULL, NULL, 58, 'Woman seeking Woman', NULL),
(1539, 'L0YbdphT', 'pakGuKmE', NULL, 'reblv', NULL, NULL, 72, 'Man seeking Man', NULL),
(1540, 'n1szcbx2', '70Nv1VaH', NULL, 'qgotf', NULL, NULL, 86, 'Man seeking Man', NULL),
(1541, '54SKlX9B', 'c7NMpxKe', NULL, 'mcxtq', NULL, NULL, 52, 'Woman seeking Woman', NULL),
(1542, 'bi4dShJn', 'nJE4octH', NULL, 'kanxf', NULL, NULL, 68, 'Woman seeking Man', NULL),
(1543, 'VojPg8l7', 'AlfdwS3D', NULL, 'vcwpx', NULL, NULL, 85, 'Woman seeking Man', NULL),
(1544, 'qPRaknKH', 'HXGRvzKh', NULL, 'ropva', NULL, NULL, 37, 'Man seeking Man', NULL),
(1545, 'p6an9rfJ', 'ld53nLTO', NULL, 'hopaf', NULL, NULL, 73, 'Woman seeking Woman', NULL),
(1546, 'H9DBTXON', 'r7wxiNjA', NULL, 'hewya', NULL, NULL, 67, 'Man seeking Man', NULL),
(1547, 'WUqwGazu', 'VpDgjSU0', NULL, 'msqck', NULL, NULL, 32, 'Man seeking Man', NULL),
(1548, 'wjdy107l', 'mL08uaEs', NULL, 'zvatc', NULL, NULL, 74, 'Woman seeking Man', NULL),
(1549, 'CmQ1YMp8', 'keAJbuE8', NULL, 'tvpjm', NULL, NULL, 72, 'Woman seeking Man', NULL),
(1550, 'Uw8r4c5H', 'DbPSOIAy', NULL, 'dmvlq', NULL, NULL, 57, 'Woman seeking Man', NULL),
(1551, 'BI0gr2kF', '9dGMZwgr', NULL, 'gaylx', NULL, NULL, 86, 'Man seeking Woman', NULL),
(1552, 'J3S5gXYD', 'jirRvUhs', NULL, 'qbhkc', NULL, NULL, 34, 'Man seeking Man', NULL),
(1553, '4hN67XSO', 'DC8K1vEo', NULL, 'vdzfg', NULL, NULL, 45, 'Man seeking Man', NULL),
(1554, 'i8WlUAQX', 'MExWUTpV', NULL, 'cpqnv', NULL, NULL, 36, 'Man seeking Woman', NULL),
(1555, 'jKTOnoxu', 'kYREjIyN', NULL, 'rmhlo', NULL, NULL, 95, 'Woman seeking Woman', NULL),
(1556, 'ZGBkOvI6', 'IkOWNTtS', NULL, 'jtvxu', NULL, NULL, 36, 'Man seeking Man', NULL),
(1557, 'vkn08S9M', '4i9dRhbt', NULL, 'nyqom', NULL, NULL, 92, 'Woman seeking Woman', NULL),
(1558, 'EDWYi6sv', '5EvW41tX', NULL, 'zdjms', NULL, NULL, 76, 'Man seeking Man', NULL),
(1559, 'kvMAspSm', 'V7CEoTZW', NULL, 'tdbio', NULL, NULL, 82, 'Woman seeking Man', NULL),
(1560, 'cXJCAt4f', '6XtKhoMr', NULL, 'wufim', NULL, NULL, 49, 'Woman seeking Man', NULL),
(1561, 'lJwqWmLb', 'vOxf8R4i', NULL, 'fwhnk', NULL, NULL, 93, 'Woman seeking Woman', NULL),
(1562, 'yclH6nIY', 'xaAY5I13', NULL, 'apgno', NULL, NULL, 78, 'Woman seeking Woman', NULL),
(1563, 'IHZLd8zF', 'pO5igxlk', NULL, 'sbmzq', NULL, NULL, 84, 'Man seeking Woman', NULL),
(1564, 'mqkjCVF0', 'oxTMwRgu', NULL, 'yswdt', NULL, NULL, 23, 'Woman seeking Man', NULL),
(1565, 'oMWgUpOc', '32lBrGUQ', NULL, 'fiuwl', NULL, NULL, 96, 'Woman seeking Man', NULL),
(1566, '3H0QbFCi', 'T9wjZc5P', NULL, 'jkfxb', NULL, NULL, 73, 'Man seeking Woman', NULL),
(1567, 'Oxu5QKcv', 'XjcBxANd', NULL, 'oatgj', NULL, NULL, 65, 'Woman seeking Man', NULL),
(1568, 'XhstSBJi', 'RwhvureQ', NULL, 'dlpng', NULL, NULL, 39, 'Man seeking Man', NULL),
(1569, 'M4dQVJeX', '6MBZdqhc', NULL, 'ymweq', NULL, NULL, 75, 'Woman seeking Woman', NULL),
(1570, '9aSUxAyX', 'Rhis1Qkz', NULL, 'eiqgz', NULL, NULL, 79, 'Woman seeking Woman', NULL),
(1571, 'R24klbZ6', '48fdl5OH', NULL, 'vozas', NULL, NULL, 94, 'Woman seeking Man', NULL),
(1572, '7AvLCNGz', 'tbfVvc0W', NULL, 'qkwfd', NULL, NULL, 63, 'Woman seeking Man', NULL),
(1573, 'LJCGhUKg', 'z1Oaev8I', NULL, 'iafon', NULL, NULL, 84, 'Man seeking Man', NULL),
(1574, '2LBrOwAS', 'kVW5Ex0f', NULL, 'jiqgd', NULL, NULL, 93, 'Woman seeking Man', NULL),
(1575, 'AHSrRq8e', 'BoErQ8Z5', NULL, 'pnhsw', NULL, NULL, 49, 'Woman seeking Woman', NULL),
(1576, 'b0Xiq31U', 'beSEKYAd', NULL, 'efnjt', NULL, NULL, 92, 'Man seeking Man', NULL),
(1577, 'Cu24QNdI', 'RyONmLjf', NULL, 'urilo', NULL, NULL, 29, 'Woman seeking Man', NULL),
(1578, 'dIHYKjEm', 'kYUPrmHR', NULL, 'cxsyp', NULL, NULL, 75, 'Man seeking Man', NULL),
(1579, 'sZMwNYSH', 'HCfm9xcL', NULL, 'jlzei', NULL, NULL, 32, 'Woman seeking Man', NULL),
(1580, 'vwlB1oYh', 'djJX49Tg', NULL, 'zsmvx', NULL, NULL, 57, 'Man seeking Woman', NULL),
(1581, 'CvRpq4EI', 'd8kp5XKG', NULL, 'gcdly', NULL, NULL, 96, 'Woman seeking Man', NULL),
(1582, 'TRNIyuhe', 'peWyT2XN', NULL, 'cyqrt', NULL, NULL, 86, 'Woman seeking Woman', NULL),
(1583, 'AjU8wrkY', 'G4AbtKsa', NULL, 'ulzjd', NULL, NULL, 38, 'Woman seeking Man', NULL),
(1584, 'neTJrXl4', '1vM9B3Fh', NULL, 'zgpic', NULL, NULL, 46, 'Man seeking Woman', NULL),
(1585, 'xwFObX7U', 'rjpx6FVu', NULL, 'gxcwy', NULL, NULL, 27, 'Woman seeking Woman', NULL),
(1586, '8Hm65ful', '2ENCYBg9', NULL, 'qjldh', NULL, NULL, 29, 'Woman seeking Woman', NULL),
(1587, 'AjhX5WY9', 'MBNlKWeF', NULL, 'qrlax', NULL, NULL, 83, 'Man seeking Woman', NULL),
(1588, 'nOY9ZwFc', 'IQ2jT7k9', NULL, 'hloer', NULL, NULL, 75, 'Woman seeking Woman', NULL),
(1589, 'GabP6MLv', 'IHly8jDw', NULL, 'vmrpg', NULL, NULL, 39, 'Man seeking Woman', NULL),
(1590, 'Y3RaztWO', 'rA1zZD9H', NULL, 'dhxrl', NULL, NULL, 72, 'Woman seeking Woman', NULL),
(1591, 'UzDtPIvA', 'isLVoZNB', NULL, 'jempg', NULL, NULL, 76, 'Man seeking Man', NULL),
(1592, 'hug0V13o', 'uQHZtFlx', NULL, 'xyntc', NULL, NULL, 48, 'Woman seeking Man', NULL),
(1593, 'r5Fd4Y7b', 'Zq748pWf', NULL, 'dkboa', NULL, NULL, 67, 'Woman seeking Man', NULL),
(1594, 'ERxHaP7C', 'DIhAJKUl', NULL, 'fadis', NULL, NULL, 48, 'Woman seeking Man', NULL),
(1595, 'HT7tnkAZ', 'OronEHKk', NULL, 'ibexk', NULL, NULL, 24, 'Man seeking Man', NULL),
(1596, 'TGZSUbhz', 'RitOylL4', NULL, 'smdbq', NULL, NULL, 76, 'Man seeking Man', NULL),
(1597, 'vuZT4E0y', 'Ff2o6y8x', NULL, 'axjvt', NULL, NULL, 37, 'Man seeking Woman', NULL),
(1598, 'oBQCfaUq', 'RlZfL6mu', NULL, 'xjktw', NULL, NULL, 42, 'Woman seeking Man', NULL),
(1599, 'z1plXMxG', '3Pxs81CM', NULL, 'mudgs', NULL, NULL, 98, 'Woman seeking Woman', NULL),
(1600, 'jsG7eJBh', 'XpBcR8fT', NULL, 'ndofe', NULL, NULL, 75, 'Woman seeking Man', NULL),
(1601, 'xswfVrkz', 'ENqO6izT', NULL, 'jybnm', NULL, NULL, 39, 'Woman seeking Woman', NULL),
(1602, 'VnHvlcoj', 'Nz2XQlhH', NULL, 'dihov', NULL, NULL, 68, 'Woman seeking Woman', NULL),
(1603, 'NzlIQmoS', 'rZJauOmI', NULL, 'elsrn', NULL, NULL, 52, 'Woman seeking Woman', NULL),
(1604, 'V6EIngkr', 'ck4PNvnq', NULL, 'qxsvc', NULL, NULL, 82, 'Man seeking Woman', NULL),
(1605, 'Fy31DUlm', '1LMbvgK2', NULL, 'jbpkq', NULL, NULL, 75, 'Woman seeking Man', NULL),
(1606, 'rCjGR4l2', '7oDMT8ze', NULL, 'hbmyf', NULL, NULL, 38, 'Man seeking Man', NULL),
(1607, 'hSDQGiRL', 'agdAbc9w', NULL, 'hrwvt', NULL, NULL, 94, 'Man seeking Man', NULL),
(1608, 'Z9GhJwTS', 'eAFSmv3x', NULL, 'pocfw', NULL, NULL, 43, 'Woman seeking Man', NULL),
(1609, 'Vxz4CWdl', 'Dbgyn2el', NULL, 'kirjf', NULL, NULL, 74, 'Man seeking Man', NULL),
(1610, 'M8VUoWjC', 'cBb956Gk', NULL, 'ozpln', NULL, NULL, 48, 'Man seeking Woman', NULL),
(1611, 'dNUcReik', 'I2vP8iZh', NULL, 'cimkq', NULL, NULL, 27, 'Woman seeking Woman', NULL),
(1612, 'JL1RrW4g', 'cTrL4VO8', NULL, 'vnajy', NULL, NULL, 76, 'Man seeking Man', NULL),
(1613, 'NXasFzhx', 'zxcUQu0i', NULL, 'xchqa', NULL, NULL, 83, 'Woman seeking Woman', NULL),
(1614, '9Ilkq1NC', 'y5rKpdew', NULL, 'atmps', NULL, NULL, 93, 'Woman seeking Man', NULL),
(1615, 'jNKYrtBG', '2dZKJms0', NULL, 'zjlqa', NULL, NULL, 29, 'Woman seeking Woman', NULL),
(1616, 'hiH30ES1', 'Jp2rQRs0', NULL, 'eotbs', NULL, NULL, 59, 'Man seeking Woman', NULL),
(1617, '9N4UbvHj', 'NmYdCVBL', NULL, 'lozqd', NULL, NULL, 25, 'Man seeking Man', NULL),
(1618, 'CucXqsQb', 'yumZtoKh', NULL, 'ryvpc', NULL, NULL, 82, 'Man seeking Man', NULL);
INSERT INTO `users` (`User_id`, `Password`, `User_name`, `E_Mail`, `firstname`, `surname`, `location`, `age`, `sex`, `Phone`) VALUES
(1619, 'MJ6haPT5', 'oHXhfRB3', NULL, 'hnovz', NULL, NULL, 63, 'Man seeking Man', NULL),
(1620, 'pa2QhFCP', 'ocn4gEdJ', NULL, 'mzyej', NULL, NULL, 34, 'Man seeking Man', NULL),
(1621, 'f', 'bdfhdh', 'fhfhdf@gjgj.h', 'ghfd', NULL, 'Kilkenny', 33, 'Woman seeking Man', NULL),
(1622, 'd', 'gdgdgd', 'dgdgsdghd@fhfh.gg', 'ghfdhdf', NULL, 'Kildare', 18, 'Man seeking Woman', NULL),
(1623, 'd', 'fddfsdfd', 'dgsdgs@fgf.h', 'ffgfg', NULL, 'Tyrone', 34, 'Woman seeking Woman', NULL),
(1624, 'dd', 'vdvdvdsv', 'ddfgdg@gjng.hg', 'ghfdhd', NULL, 'Meath', 34, 'Woman seeking Woman', NULL),
(1625, 'd', 'dgdgsdg', 'dgdgr@fhfh.g', 'ghgh', NULL, 'Armagh', 18, 'Woman seeking Man', NULL),
(1626, 'g', 'gjjgf', 'ghgfhfg@fhfdh.j', 'fgfd', NULL, 'Kilkenny', 33, 'Man seeking Man', NULL),
(1627, 'abcdefg', 'kldjaf;', 'booby@gmail.com', 'chicky', NULL, 'Kerry', 18, 'Man seeking Woman', NULL),
(1628, 'd', 'dfdsdgdsg', 'dgdgsd@fhfh.g', 'ghghg', NULL, 'Kildare', 18, 'Man seeking Man', NULL),
(1629, 'r', 'fhhrbrbr', 'gfgbfdbfd@fhf.hfhf', 'f', NULL, 'Fermanagh', 36, 'Man seeking Man', NULL),
(1630, 'r', 'dgggegr', 'ggdgd@ffh.g', 'gh', NULL, 'Waterford', 33, 'Woman seeking Man', NULL),
(1631, 's', 'ccsccs', 'sfsaffaf@ghfg.g', 'ggghhd', NULL, 'Limerick', 33, 'Woman seeking Man', NULL),
(1632, 'd', 'vdvdgdg', 'gdsgdgtg@gjgj.gjh', 'hfh', NULL, 'Laois', 33, 'Man seeking Man', NULL),
(1633, 's', 'sfsafasf', 'sfsafa@gdg.hdfh', 'hfdhfd', NULL, 'Kilkenny', 33, 'Man seeking Man', NULL),
(1634, 'r', 'vvdvr', 'rvdsvsd@fgfd.gy', 'ghdf', NULL, 'Armagh', 18, 'Woman seeking Man', NULL),
(1635, 'd', 'vbvdvsvsd', 'dsdgfdsg@fgfd.ff', 'dgdsg', NULL, 'Armagh', 18, 'Man seeking Woman', NULL),
(1636, 't', 'dddgdsg', 'ryryrye@ghfh.h', 'hjfgh', NULL, 'Armagh', 18, 'Man seeking Woman', NULL),
(1637, 'w', 'test5678', 'whgngj@fgdfg.fh', 'dhdhd', NULL, 'Armagh', 18, 'Man seeking Woman', NULL),
(1638, 's', 'nsjnjsn', 'ssams@sjhajs.hshs', 's', NULL, 'Armagh', 18, 'Man seeking Woman', NULL),
(1639, 'd', 'vdvdv', 'dffdsg@fgfg.gf', 'g', NULL, 'Armagh', 18, 'Man seeking Woman', NULL),
(1640, 'h', 'ffgfdfgs', 'fhfhfdhd@ghgh.gh', 'gg', NULL, 'Armagh', 18, 'Man seeking Man', NULL),
(1641, 'd', 'fdfdf', 'ddfdsg@ghg.g', 'ghg', NULL, 'Laois', 18, 'Woman seeking Man', NULL),
(1642, 'f', 'ffbdbfs', 'fbfbb@ff.jggj', 'ggjgj', NULL, 'Armagh', 18, 'Man seeking Man', NULL),
(1643, 'f', 'fgfgdf', 'gfgdfsg@fhfh.hg', 'h', NULL, 'Armagh', 18, 'Man seeking Woman', NULL),
(1644, 'r', 'bob2', 'rwrwrq@hfh.g', 'g', NULL, 'Armagh', 18, 'Man seeking Woman', NULL),
(1645, 'd', 'ffgdgd', 'dgdsgsdg@ghg.hj', 'gjj', NULL, 'Armagh', 18, 'Woman seeking Man', NULL),
(1646, 'e', 'finaltest', 'edgsgsdg@fhfdh.gh', 'fhf', NULL, 'Laois', 18, 'Woman seeking Woman', NULL),
(1647, 'd', 'dvdssvdsd', 'dvvvsd@ffdghd.fgg', 'dg', NULL, 'Laois', 18, 'Woman seeking Man', NULL);

--
-- Indexes for dumped tables
--

--
-- Indexes for table `users`
--
ALTER TABLE `users` ADD FULLTEXT KEY `User_name` (`User_name`);

--
-- Constraints for dumped tables
--

--
-- Constraints for table `account`
--
ALTER TABLE `account`
  ADD CONSTRAINT `account_ibfk_1` FOREIGN KEY (`User_id`) REFERENCES `users` (`User_id`);

--
-- Constraints for table `address`
--
ALTER TABLE `address`
  ADD CONSTRAINT `address_ibfk_1` FOREIGN KEY (`Profile_id`) REFERENCES `users` (`User_id`);

--
-- Constraints for table `banbin`
--
ALTER TABLE `banbin`
  ADD CONSTRAINT `banbin_ibfk_1` FOREIGN KEY (`user`) REFERENCES `users` (`User_id`);

--
-- Constraints for table `dates`
--
ALTER TABLE `dates`
  ADD CONSTRAINT `dates_ibfk_1` FOREIGN KEY (`Match_id`) REFERENCES `matches` (`Match_id`);

--
-- Constraints for table `friends`
--
ALTER TABLE `friends`
  ADD CONSTRAINT `friends_ibfk_1` FOREIGN KEY (`User1_id`) REFERENCES `users` (`User_id`),
  ADD CONSTRAINT `friends_ibfk_2` FOREIGN KEY (`User2_id`) REFERENCES `users` (`User_id`);

--
-- Constraints for table `loggedin`
--
ALTER TABLE `loggedin`
  ADD CONSTRAINT `loggedin_ibfk_1` FOREIGN KEY (`User_id`) REFERENCES `users` (`User_id`);

--
-- Constraints for table `matches`
--
ALTER TABLE `matches`
  ADD CONSTRAINT `matches_ibfk_1` FOREIGN KEY (`User1_id`) REFERENCES `users` (`User_id`),
  ADD CONSTRAINT `matches_ibfk_2` FOREIGN KEY (`User2_id`) REFERENCES `users` (`User_id`);

--
-- Constraints for table `messages`
--
ALTER TABLE `messages`
  ADD CONSTRAINT `messages_ibfk_1` FOREIGN KEY (`user1`) REFERENCES `users` (`User_id`),
  ADD CONSTRAINT `messages_ibfk_2` FOREIGN KEY (`user2`) REFERENCES `users` (`User_id`);

--
-- Constraints for table `pictures`
--
ALTER TABLE `pictures`
  ADD CONSTRAINT `pictures_ibfk_2` FOREIGN KEY (`User_id`) REFERENCES `users` (`User_id`);

--
-- Constraints for table `profile`
--
ALTER TABLE `profile`
  ADD CONSTRAINT `profile_ibfk_1` FOREIGN KEY (`User_id`) REFERENCES `users` (`User_id`);

/*!40101 SET CHARACTER_SET_CLIENT=@OLD_CHARACTER_SET_CLIENT */;
/*!40101 SET CHARACTER_SET_RESULTS=@OLD_CHARACTER_SET_RESULTS */;
/*!40101 SET COLLATION_CONNECTION=@OLD_COLLATION_CONNECTION */;
